task_name,method,seed,num_episodes,beta,ridge,policy_value,behavior_value,optimal_value,suboptimality_gap,root_action,root_action_count,expected_chosen_count,low_support_mass,action_agreement_mass,chosen_action_q_error,chosen_action_bonus,chosen_feature_novelty,root_true_q,root_q_hat,root_q_value,root_bonus
linear_near_intrinsic_branching_mdp,greedy,0,10,0.8,1.0,0.95,0.744575,0.95,0.0,1,2.0,4.0,2.0,1.0,-0.27944007178162444,0.0,0.0,0.95,0.6674929343513287,0.6674929343513287,0.0
linear_near_intrinsic_branching_mdp,pessimistic,0,10,0.8,1.0,0.7999999999999999,0.744575,0.95,0.15000000000000002,0,8.0,23.0,0.0,0.6666666666666666,-0.3607497496145479,0.51487521499414,0.51487521499414,0.7999999999999999,0.0,0.0,0.7827936876641307
linear_near_intrinsic_branching_mdp,support_masked,0,10,0.8,1.0,0.95,0.744575,0.95,0.0,1,2.0,4.0,2.0,1.0,-0.27944007178162444,0.0,0.0,0.95,0.6674929343513287,0.6674929343513287,0.0
linear_near_intrinsic_branching_mdp,greedy,1,10,0.8,1.0,0.55,0.744575,0.95,0.3999999999999999,0,9.0,12.0,1.0,0.3333333333333333,0.40825331664321246,0.0,0.0,0.55,0.9948089577226799,0.9948089577226799,0.0
linear_near_intrinsic_branching_mdp,pessimistic,1,10,0.8,1.0,0.7999999999999999,0.744575,0.95,0.15000000000000002,0,9.0,25.0,0.0,0.6666666666666666,-0.23542697215261185,0.5084387862245067,0.5084387862245067,0.7999999999999999,0.09803615045081558,0.0,0.7466052202059063
linear_near_intrinsic_branching_mdp,support_masked,1,10,0.8,1.0,0.7999999999999999,0.744575,0.95,0.15000000000000002,0,9.0,25.0,0.0,0.6666666666666666,0.07389006808221694,0.0,0.0,0.7999999999999999,0.7938562731789237,0.7938562731789237,0.0
linear_near_intrinsic_branching_mdp,greedy,2,10,0.8,1.0,0.7999999999999999,0.744575,0.95,0.15000000000000002,0,9.0,25.0,0.0,0.6666666666666666,-0.23911668454197943,0.0,0.0,0.7999999999999999,0.5678282506736321,0.5678282506736321,0.0
linear_near_intrinsic_branching_mdp,pessimistic,2,10,0.8,1.0,0.7999999999999999,0.744575,0.95,0.15000000000000002,0,9.0,25.0,0.0,0.6666666666666666,-0.45712973326089806,0.5109160801326451,0.5109160801326451,0.7999999999999999,0.0967741935483871,0.0,0.7466052202059063
linear_near_intrinsic_branching_mdp,support_masked,2,10,0.8,1.0,0.7999999999999999,0.744575,0.95,0.15000000000000002,0,9.0,25.0,0.0,0.6666666666666666,-0.24222540639744206,0.0,0.0,0.7999999999999999,0.5585020851072442,0.5585020851072442,0.0
linear_near_intrinsic_branching_mdp,greedy,3,10,0.8,1.0,0.7,0.744575,0.95,0.25,1,1.0,4.0,2.0,0.6666666666666666,0.425718343689959,0.0,0.0,0.7,1.1737800151198958,1.1737800151198958,0.0
linear_near_intrinsic_branching_mdp,pessimistic,3,10,0.8,1.0,0.7999999999999999,0.744575,0.95,0.15000000000000002,0,9.0,25.0,0.0,0.6666666666666666,-0.2274541922336872,0.5084387862245067,0.5084387862245067,0.7999999999999999,0.20800995360769986,0.0,0.7466052202059063
linear_near_intrinsic_branching_mdp,support_masked,3,10,0.8,1.0,0.7999999999999999,0.744575,0.95,0.15000000000000002,0,9.0,25.0,0.0,0.6666666666666666,0.08649718449489596,0.0,0.0,0.7999999999999999,0.9177330858170712,0.9177330858170712,0.0
linear_near_intrinsic_branching_mdp,greedy,4,10,0.8,1.0,0.55,0.744575,0.95,0.3999999999999999,0,10.0,11.0,2.0,0.3333333333333333,0.37485225017149154,0.0,0.0,0.55,0.9743134003288397,0.9743134003288397,0.0
linear_near_intrinsic_branching_mdp,pessimistic,4,10,0.8,1.0,0.7999999999999999,0.744575,0.95,0.15000000000000002,0,10.0,28.0,0.0,0.6666666666666666,-0.17334742839509976,0.4949536553256118,0.4949536553256118,0.7999999999999999,0.27704531194112186,0.0,0.7236272269866328
linear_near_intrinsic_branching_mdp,support_masked,4,10,0.8,1.0,0.7999999999999999,0.744575,0.95,0.15000000000000002,0,10.0,28.0,0.0,0.6666666666666666,0.12477463137588692,0.0,0.0,0.7999999999999999,0.9460238676745426,0.9460238676745426,0.0
linear_near_intrinsic_branching_mdp,greedy,5,10,0.8,1.0,0.7,0.744575,0.95,0.25,1,1.0,3.0,3.0,0.6666666666666666,0.4370211220819001,0.0,0.0,0.7,1.2727953352521684,1.2727953352521684,0.0
linear_near_intrinsic_branching_mdp,pessimistic,5,10,0.8,1.0,0.7999999999999999,0.744575,0.95,0.15000000000000002,0,9.0,27.0,0.0,0.6666666666666666,-0.2007024175569926,0.5001924088268387,0.5001924088268387,0.7999999999999999,0.2026861006015623,0.0,0.7466052202059063
linear_near_intrinsic_branching_mdp,support_masked,5,10,0.8,1.0,0.7999999999999999,0.744575,0.95,0.15000000000000002,0,9.0,27.0,0.0,0.6666666666666666,0.10598728317179185,0.0,0.0,0.7999999999999999,0.8903700584064299,0.8903700584064299,0.0
linear_near_intrinsic_branching_mdp,greedy,6,10,0.8,1.0,0.7999999999999999,0.744575,0.95,0.15000000000000002,0,9.0,25.0,0.0,0.6666666666666666,0.09795668789514571,0.0,0.0,0.7999999999999999,0.8376547041410121,0.8376547041410121,0.0
linear_near_intrinsic_branching_mdp,pessimistic,6,10,0.8,1.0,0.7999999999999999,0.744575,0.95,0.15000000000000002,0,9.0,25.0,0.0,0.6666666666666666,-0.20614187142475474,0.49943115707606744,0.49943115707606744,0.7999999999999999,0.16100169645868279,0.0,0.7466052202059063
linear_near_intrinsic_branching_mdp,support_masked,6,10,0.8,1.0,0.7999999999999999,0.744575,0.95,0.15000000000000002,0,9.0,25.0,0.0,0.6666666666666666,0.09795668789514571,0.0,0.0,0.7999999999999999,0.8376547041410121,0.8376547041410121,0.0
linear_near_intrinsic_branching_mdp,greedy,7,10,0.8,1.0,0.7,0.744575,0.95,0.25,1,1.0,3.0,3.0,0.6666666666666666,0.6587454262268119,0.0,0.0,0.7,1.4457644012023385,1.4457644012023385,0.0
linear_near_intrinsic_branching_mdp,pessimistic,7,10,0.8,1.0,0.7999999999999999,0.744575,0.95,0.15000000000000002,0,9.0,27.0,0.0,0.6666666666666666,-0.1399396667500559,0.5001924088268387,0.5001924088268387,0.7999999999999999,0.15949497556816097,0.0,0.7466052202059063
linear_near_intrinsic_branching_mdp,support_masked,7,10,0.8,1.0,0.7999999999999999,0.744575,0.95,0.15000000000000002,0,9.0,27.0,0.0,0.6666666666666666,0.16943828307101147,0.0,0.0,0.7999999999999999,0.8552436806498769,0.8552436806498769,0.0
linear_near_intrinsic_branching_mdp,greedy,8,10,0.8,1.0,0.7,0.744575,0.95,0.25,1,3.0,9.0,0.0,0.6666666666666666,-0.0059386644839246605,0.0,0.0,0.7,0.6804254240627987,0.6804254240627987,0.0
linear_near_intrinsic_branching_mdp,pessimistic,8,10,0.8,1.0,0.7999999999999999,0.744575,0.95,0.15000000000000002,0,7.0,19.0,0.0,0.6666666666666666,-0.4087794327298868,0.5629415657775071,0.5629415657775071,0.7999999999999999,0.11864406779661017,0.0,0.8266739565926067
linear_near_intrinsic_branching_mdp,support_masked,8,10,0.8,1.0,0.7,0.744575,0.95,0.25,1,3.0,9.0,0.0,0.6666666666666666,-0.006977762651879549,0.0,0.0,0.7,0.677308129558934,0.677308129558934,0.0
linear_near_intrinsic_branching_mdp,greedy,9,10,0.8,1.0,0.7999999999999999,0.744575,0.95,0.15000000000000002,0,9.0,22.0,0.0,0.6666666666666666,-0.11830723942601096,0.0,0.0,0.7999999999999999,0.6506060396442926,0.6506060396442926,0.0
linear_near_intrinsic_branching_mdp,pessimistic,9,10,0.8,1.0,0.7999999999999999,0.744575,0.95,0.15000000000000002,0,9.0,22.0,0.0,0.6666666666666666,-0.38269968058072007,0.5222531107262604,0.5222531107262604,0.7999999999999999,0.0967741935483871,0.0,0.7466052202059063
linear_near_intrinsic_branching_mdp,support_masked,9,10,0.8,1.0,0.7999999999999999,0.744575,0.95,0.15000000000000002,0,9.0,22.0,0.0,0.6666666666666666,-0.12028868546657756,0.0,0.0,0.7999999999999999,0.6446617015225928,0.6446617015225928,0.0
linear_near_intrinsic_branching_mdp,greedy,10,10,0.8,1.0,0.7999999999999999,0.744575,0.95,0.15000000000000002,0,10.0,30.0,0.0,0.6666666666666666,-0.22546913249768183,0.0,0.0,0.7999999999999999,0.5004713632290129,0.5004713632290129,0.0
linear_near_intrinsic_branching_mdp,pessimistic,10,10,0.8,1.0,0.7999999999999999,0.744575,0.95,0.15000000000000002,0,10.0,30.0,0.0,0.6666666666666666,-0.4395749592834368,0.48726446800690937,0.48726446800690937,0.7999999999999999,0.09090909090909091,0.0,0.7236272269866328
linear_near_intrinsic_branching_mdp,support_masked,10,10,0.8,1.0,0.7999999999999999,0.744575,0.95,0.15000000000000002,0,10.0,30.0,0.0,0.6666666666666666,-0.22546913249768183,0.0,0.0,0.7999999999999999,0.5004713632290129,0.5004713632290129,0.0
linear_near_intrinsic_branching_mdp,greedy,11,10,0.8,1.0,0.95,0.744575,0.95,0.0,1,1.0,1.0,3.0,1.0,-0.32044422430802993,0.0,0.0,0.95,0.6155214237398828,0.6155214237398828,0.0
linear_near_intrinsic_branching_mdp,pessimistic,11,10,0.8,1.0,0.7999999999999999,0.744575,0.95,0.15000000000000002,0,9.0,25.0,0.0,0.6666666666666666,-0.3525283469216201,0.5084387862245067,0.5084387862245067,0.7999999999999999,0.0,0.0,0.7466052202059063
linear_near_intrinsic_branching_mdp,support_masked,11,10,0.8,1.0,0.7999999999999999,0.744575,0.95,0.15000000000000002,0,9.0,25.0,0.0,0.6666666666666666,-0.08706642921204115,0.0,0.0,0.7999999999999999,0.5642547551523585,0.5642547551523585,0.0
linear_near_intrinsic_branching_mdp,greedy,12,10,0.8,1.0,0.7,0.744575,0.95,0.25,1,2.0,6.0,0.0,0.6666666666666666,0.4784732123399252,0.0,0.0,0.7,1.2125763671753131,1.2125763671753131,0.0
linear_near_intrinsic_branching_mdp,pessimistic,12,10,0.8,1.0,0.7999999999999999,0.744575,0.95,0.15000000000000002,0,8.0,24.0,0.0,0.6666666666666666,-0.11051369447752728,0.5213723887976826,0.5213723887976826,0.7999999999999999,0.24524003461883084,0.0,0.7827936876641307
linear_near_intrinsic_branching_mdp,support_masked,12,10,0.8,1.0,0.7,0.744575,0.95,0.25,1,2.0,6.0,0.0,0.6666666666666666,0.46765774668163534,0.0,0.0,0.7,1.1801299702004437,1.1801299702004437,0.0
linear_near_intrinsic_branching_mdp,greedy,13,10,0.8,1.0,0.7999999999999999,0.744575,0.95,0.15000000000000002,0,10.0,28.0,0.0,0.6666666666666666,0.12930406899303618,0.0,0.0,0.7999999999999999,0.9262982646000778,0.9262982646000778,0.0
linear_near_intrinsic_branching_mdp,pessimistic,13,10,0.8,1.0,0.7999999999999999,0.744575,0.95,0.15000000000000002,0,10.0,28.0,0.0,0.6666666666666666,-0.17403162644757084,0.4918713789019496,0.4918713789019496,0.7999999999999999,0.24987165791005692,0.0,0.7236272269866328
linear_near_intrinsic_branching_mdp,support_masked,13,10,0.8,1.0,0.7999999999999999,0.744575,0.95,0.15000000000000002,0,10.0,28.0,0.0,0.6666666666666666,0.12930406899303618,0.0,0.0,0.7999999999999999,0.9262982646000778,0.9262982646000778,0.0
linear_near_intrinsic_branching_mdp,greedy,14,10,0.8,1.0,0.7,0.744575,0.95,0.25,1,1.0,4.0,2.0,0.6666666666666666,0.49422242528434407,0.0,0.0,0.7,1.2463013194921797,1.2463013194921797,0.0
linear_near_intrinsic_branching_mdp,pessimistic,14,10,0.8,1.0,0.7999999999999999,0.744575,0.95,0.15000000000000002,0,9.0,25.0,0.0,0.6666666666666666,-0.2255816298431048,0.5084387862245067,0.5084387862245067,0.7999999999999999,0.1935483870967742,0.0,0.7466052202059063
linear_near_intrinsic_branching_mdp,support_masked,14,10,0.8,1.0,0.7999999999999999,0.744575,0.95,0.15000000000000002,0,9.0,25.0,0.0,0.6666666666666666,0.07766150489460515,0.0,0.0,0.7999999999999999,0.8711467933335254,0.8711467933335254,0.0
linear_near_intrinsic_branching_mdp,greedy,15,10,0.8,1.0,0.7,0.744575,0.95,0.25,1,3.0,9.0,0.0,0.6666666666666666,0.21941991719611517,0.0,0.0,0.7,1.0205459938930683,1.0205459938930683,0.0
linear_near_intrinsic_branching_mdp,pessimistic,15,10,0.8,1.0,0.7999999999999999,0.744575,0.95,0.15000000000000002,0,7.0,21.0,0.0,0.6666666666666666,-0.31200944130297875,0.5476686876729578,0.5476686876729578,0.7999999999999999,0.11864406779661017,0.0,0.8266739565926067
linear_near_intrinsic_branching_mdp,support_masked,15,10,0.8,1.0,0.7,0.744575,0.95,0.25,1,3.0,9.0,0.0,0.6666666666666666,0.2114038772062462,0.0,0.0,0.7,0.9964978739234615,0.9964978739234615,0.0
linear_near_intrinsic_branching_mdp,greedy,16,10,0.8,1.0,0.55,0.744575,0.95,0.3999999999999999,0,10.0,14.0,0.0,0.3333333333333333,0.15548026145191743,0.0,0.0,0.55,0.7235091432579298,0.7235091432579298,0.0
linear_near_intrinsic_branching_mdp,pessimistic,16,10,0.8,1.0,0.7999999999999999,0.744575,0.95,0.15000000000000002,0,10.0,26.0,0.0,0.6666666666666666,-0.42567774613438814,0.5005715449689525,0.5005715449689525,0.7999999999999999,0.0,0.0,0.7236272269866328
linear_near_intrinsic_branching_mdp,support_masked,16,10,0.8,1.0,0.55,0.744575,0.95,0.3999999999999999,0,10.0,14.0,0.0,0.3333333333333333,0.15548026145191743,0.0,0.0,0.55,0.7235091432579298,0.7235091432579298,0.0
linear_near_intrinsic_branching_mdp,greedy,17,10,0.8,1.0,0.95,0.744575,0.95,0.0,1,1.0,1.0,3.0,1.0,-0.4742236721509006,0.0,0.0,0.95,0.4715968158540729,0.4715968158540729,0.0
linear_near_intrinsic_branching_mdp,pessimistic,17,10,0.8,1.0,0.7999999999999999,0.744575,0.95,0.15000000000000002,0,9.0,21.0,0.0,0.6666666666666666,-0.4632792975363042,0.5337583459832805,0.5337583459832805,0.7999999999999999,0.0,0.0,0.7466052202059063
linear_near_intrinsic_branching_mdp,support_masked,17,10,0.8,1.0,0.7999999999999999,0.744575,0.95,0.15000000000000002,0,9.0,21.0,0.0,0.6666666666666666,-0.2419538785948224,0.0,0.0,0.7999999999999999,0.43121962787537754,0.43121962787537754,0.0
linear_near_intrinsic_branching_mdp,greedy,18,10,0.8,1.0,0.55,0.744575,0.95,0.3999999999999999,0,10.0,16.0,0.0,0.3333333333333333,0.20998125184417335,0.0,0.0,0.55,0.7591089839030971,0.7591089839030971,0.0
linear_near_intrinsic_branching_mdp,pessimistic,18,10,0.8,1.0,0.7999999999999999,0.744575,0.95,0.15000000000000002,0,10.0,24.0,0.0,0.6666666666666666,-0.296347399364143,0.5118633251293134,0.5118633251293134,0.7999999999999999,0.18181818181818182,0.0,0.7236272269866328
linear_near_intrinsic_branching_mdp,support_masked,18,10,0.8,1.0,0.55,0.744575,0.95,0.3999999999999999,0,10.0,16.0,0.0,0.3333333333333333,0.20998125184417335,0.0,0.0,0.55,0.7591089839030971,0.7591089839030971,0.0
linear_near_intrinsic_branching_mdp,greedy,19,10,0.8,1.0,0.95,0.744575,0.95,0.0,1,4.0,8.0,0.0,1.0,-0.32886117806119747,0.0,0.0,0.95,0.6443695452240877,0.6443695452240877,0.0
linear_near_intrinsic_branching_mdp,pessimistic,19,10,0.8,1.0,0.7999999999999999,0.744575,0.95,0.15000000000000002,0,6.0,18.0,0.0,0.6666666666666666,-0.3752190550706917,0.5554873916924336,0.5554873916924336,0.7999999999999999,0.0,0.0,0.8796199993653977
linear_near_intrinsic_branching_mdp,support_masked,19,10,0.8,1.0,0.95,0.744575,0.95,0.0,1,4.0,8.0,0.0,1.0,-0.32886117806119747,0.0,0.0,0.95,0.6443695452240877,0.6443695452240877,0.0
linear_near_intrinsic_branching_mdp,greedy,20,10,0.8,1.0,0.55,0.744575,0.95,0.3999999999999999,0,10.0,14.0,0.0,0.3333333333333333,0.17828550014293656,0.0,0.0,0.55,0.6625164390399296,0.6625164390399296,0.0
linear_near_intrinsic_branching_mdp,pessimistic,20,10,0.8,1.0,0.7999999999999999,0.744575,0.95,0.15000000000000002,0,10.0,25.0,0.0,0.6666666666666666,-0.3678006911565293,0.5031332346109436,0.5031332346109436,0.7999999999999999,0.09090909090909091,0.0,0.7236272269866328
linear_near_intrinsic_branching_mdp,support_masked,20,10,0.8,1.0,0.55,0.744575,0.95,0.3999999999999999,0,10.0,14.0,0.0,0.3333333333333333,0.17828550014293656,0.0,0.0,0.55,0.6625164390399296,0.6625164390399296,0.0
linear_near_intrinsic_branching_mdp,greedy,21,10,0.8,1.0,0.7,0.744575,0.95,0.25,1,2.0,4.0,2.0,0.6666666666666666,0.7630510046292747,0.0,0.0,0.7,1.5840543661378788,1.5840543661378788,0.0
linear_near_intrinsic_branching_mdp,pessimistic,21,10,0.8,1.0,0.7999999999999999,0.744575,0.95,0.15000000000000002,0,8.0,24.0,0.0,0.6666666666666666,-0.13215692224624728,0.512322104636443,0.512322104636443,0.7999999999999999,0.28253611560136976,0.0,0.7827936876641307
linear_near_intrinsic_branching_mdp,support_masked,21,10,0.8,1.0,0.7999999999999999,0.744575,0.95,0.15000000000000002,0,8.0,24.0,0.0,0.6666666666666666,0.1697509676539661,0.0,0.0,0.7999999999999999,0.9538428951023225,0.9538428951023225,0.0
linear_near_intrinsic_branching_mdp,greedy,22,10,0.8,1.0,0.7,0.744575,0.95,0.25,1,1.0,3.0,3.0,0.6666666666666666,0.4213369172588986,0.0,0.0,0.7,1.2484491683232752,1.2484491683232752,0.0
linear_near_intrinsic_branching_mdp,pessimistic,22,10,0.8,1.0,0.7999999999999999,0.744575,0.95,0.15000000000000002,0,9.0,26.0,0.0,0.6666666666666666,-0.34844503414638045,0.5027550043471024,0.5027550043471024,0.7999999999999999,0.1935483870967742,0.0,0.7466052202059063
linear_near_intrinsic_branching_mdp,support_masked,22,10,0.8,1.0,0.7999999999999999,0.744575,0.95,0.15000000000000002,0,9.0,26.0,0.0,0.6666666666666666,-0.07824079568251811,0.0,0.0,0.7999999999999999,0.7645299652454014,0.7645299652454014,0.0
linear_near_intrinsic_branching_mdp,greedy,23,10,0.8,1.0,0.7,0.744575,0.95,0.25,1,2.0,7.0,0.0,0.6666666666666666,-0.022566930465602226,0.0,0.0,0.7,0.6925979440502806,0.6925979440502806,0.0
linear_near_intrinsic_branching_mdp,pessimistic,23,10,0.8,1.0,0.7999999999999999,0.744575,0.95,0.15000000000000002,0,8.0,22.0,0.0,0.6666666666666666,-0.4480953310387865,0.5320511166957821,0.5320511166957821,0.7999999999999999,0.10638297872340424,0.0,0.7827936876641307
linear_near_intrinsic_branching_mdp,support_masked,23,10,0.8,1.0,0.7,0.744575,0.95,0.25,1,2.0,7.0,0.0,0.6666666666666666,-0.022566930465602226,0.0,0.0,0.7,0.6925979440502806,0.6925979440502806,0.0
linear_near_intrinsic_branching_mdp,greedy,24,10,0.8,1.0,0.7999999999999999,0.744575,0.95,0.15000000000000002,0,10.0,30.0,0.0,0.6666666666666666,-0.3736897848023184,0.0,0.0,0.7999999999999999,0.3330850432373925,0.3330850432373925,0.0
linear_near_intrinsic_branching_mdp,pessimistic,24,10,0.8,1.0,0.7999999999999999,0.744575,0.95,0.15000000000000002,0,10.0,30.0,0.0,0.6666666666666666,-0.5320001715908665,0.48726446800690937,0.48726446800690937,0.7999999999999999,0.09090909090909091,0.0,0.7236272269866328
linear_near_intrinsic_branching_mdp,support_masked,24,10,0.8,1.0,0.7999999999999999,0.744575,0.95,0.15000000000000002,0,10.0,30.0,0.0,0.6666666666666666,-0.3736897848023184,0.0,0.0,0.7999999999999999,0.3330850432373925,0.3330850432373925,0.0
linear_near_intrinsic_branching_mdp,greedy,25,10,0.8,1.0,0.55,0.744575,0.95,0.3999999999999999,0,9.0,10.0,2.0,0.3333333333333333,0.028969519410817584,0.0,0.0,0.55,0.5223328084736939,0.5223328084736939,0.0
linear_near_intrinsic_branching_mdp,pessimistic,25,10,0.8,1.0,0.7999999999999999,0.744575,0.95,0.15000000000000002,0,9.0,27.0,0.0,0.6666666666666666,-0.43664746733560705,0.5001924088268387,0.5001924088268387,0.7999999999999999,0.0967741935483871,0.0,0.7466052202059063
linear_near_intrinsic_branching_mdp,support_masked,25,10,0.8,1.0,0.7999999999999999,0.744575,0.95,0.15000000000000002,0,9.0,27.0,0.0,0.6666666666666666,-0.22145748251674965,0.0,0.0,0.7999999999999999,0.5099590036234732,0.5099590036234732,0.0
linear_near_intrinsic_branching_mdp,greedy,26,10,0.8,1.0,0.7,0.744575,0.95,0.25,1,1.0,5.0,2.0,0.6666666666666666,0.07710164299020811,0.0,0.0,0.7,0.7964437292519871,0.7964437292519871,0.0
linear_near_intrinsic_branching_mdp,pessimistic,26,10,0.8,1.0,0.7999999999999999,0.744575,0.95,0.15000000000000002,0,9.0,23.0,0.0,0.6666666666666666,-0.49337344589209037,0.5196280488807138,0.5196280488807138,0.7999999999999999,0.0967741935483871,0.0,0.7466052202059063
linear_near_intrinsic_branching_mdp,support_masked,26,10,0.8,1.0,0.55,0.744575,0.95,0.3999999999999999,0,9.0,14.0,0.0,0.3333333333333333,-0.011344190679526078,0.0,0.0,0.55,0.5554236776547034,0.5554236776547034,0.0
linear_near_intrinsic_branching_mdp,greedy,27,10,0.8,1.0,0.55,0.744575,0.95,0.3999999999999999,0,9.0,17.0,0.0,0.3333333333333333,0.01097025229069922,0.0,0.0,0.55,0.5119290148786824,0.5119290148786824,0.0
linear_near_intrinsic_branching_mdp,pessimistic,27,10,0.8,1.0,0.7999999999999999,0.744575,0.95,0.15000000000000002,0,9.0,19.0,0.0,0.6666666666666666,-0.40015020738955714,0.5532444116838583,0.5532444116838583,0.7999999999999999,0.0967741935483871,0.0,0.7466052202059063
linear_near_intrinsic_branching_mdp,support_masked,27,10,0.8,1.0,0.55,0.744575,0.95,0.3999999999999999,0,9.0,17.0,0.0,0.3333333333333333,0.01097025229069922,0.0,0.0,0.55,0.5119290148786824,0.5119290148786824,0.0
linear_near_intrinsic_branching_mdp,greedy,28,10,0.8,1.0,0.95,0.744575,0.95,0.0,1,1.0,1.0,3.0,1.0,-0.03957559605113222,0.0,0.0,0.95,0.9630830985729213,0.9630830985729213,0.0
linear_near_intrinsic_branching_mdp,pessimistic,28,10,0.8,1.0,0.7999999999999999,0.744575,0.95,0.15000000000000002,0,9.0,24.0,0.0,0.6666666666666666,-0.13983637175425415,0.5149669346730812,0.5149669346730812,0.7999999999999999,0.2398835185008151,0.0,0.7466052202059063
linear_near_intrinsic_branching_mdp,support_masked,28,10,0.8,1.0,0.7999999999999999,0.744575,0.95,0.15000000000000002,0,9.0,24.0,0.0,0.6666666666666666,0.18036569201871663,0.0,0.0,0.7999999999999999,0.9493827765602135,0.9493827765602135,0.0
linear_near_intrinsic_branching_mdp,greedy,29,10,0.8,1.0,0.55,0.744575,0.95,0.3999999999999999,0,10.0,12.0,2.0,0.3333333333333333,0.15092512453473986,0.0,0.0,0.55,0.8842152915301582,0.8842152915301582,0.0
linear_near_intrinsic_branching_mdp,pessimistic,29,10,0.8,1.0,0.7999999999999999,0.744575,0.95,0.15000000000000002,0,10.0,28.0,0.0,0.6666666666666666,-0.4928808178280457,0.4918713789019496,0.4918713789019496,0.7999999999999999,0.09090909090909091,0.0,0.7236272269866328
linear_near_intrinsic_branching_mdp,support_masked,29,10,0.8,1.0,0.7999999999999999,0.744575,0.95,0.15000000000000002,0,10.0,28.0,0.0,0.6666666666666666,-0.3348563392073494,0.0,0.0,0.7999999999999999,0.47823994478886117,0.47823994478886117,0.0
linear_near_intrinsic_branching_mdp,greedy,30,10,0.8,1.0,0.7999999999999999,0.744575,0.95,0.15000000000000002,0,9.0,25.0,0.0,0.6666666666666666,-0.1300008861266182,0.0,0.0,0.7999999999999999,0.6313343423761489,0.6313343423761489,0.0
linear_near_intrinsic_branching_mdp,pessimistic,30,10,0.8,1.0,0.7999999999999999,0.744575,0.95,0.15000000000000002,0,9.0,25.0,0.0,0.6666666666666666,-0.3881102931024605,0.5109160801326451,0.5109160801326451,0.7999999999999999,0.0967741935483871,0.0,0.7466052202059063
linear_near_intrinsic_branching_mdp,support_masked,30,10,0.8,1.0,0.7999999999999999,0.744575,0.95,0.15000000000000002,0,9.0,25.0,0.0,0.6666666666666666,-0.1319313103702584,0.0,0.0,0.7999999999999999,0.6255430696452283,0.6255430696452283,0.0
linear_near_intrinsic_branching_mdp,greedy,31,10,0.8,1.0,0.7,0.744575,0.95,0.25,1,3.0,9.0,0.0,0.6666666666666666,0.017665623596069897,0.0,0.0,0.7,0.7058792192990034,0.7058792192990034,0.0
linear_near_intrinsic_branching_mdp,pessimistic,31,10,0.8,1.0,0.7999999999999999,0.744575,0.95,0.15000000000000002,0,7.0,20.0,0.0,0.6666666666666666,-0.4520950545015478,0.5502937495185044,0.5502937495185044,0.7999999999999999,0.0,0.0,0.8266739565926067
linear_near_intrinsic_branching_mdp,support_masked,31,10,0.8,1.0,0.7,0.744575,0.95,0.25,1,3.0,9.0,0.0,0.6666666666666666,0.011980929388354081,0.0,0.0,0.7,0.688825136675856,0.688825136675856,0.0
linear_near_intrinsic_branching_mdp,greedy,32,10,0.8,1.0,0.7,0.744575,0.95,0.25,1,2.0,6.0,0.0,0.6666666666666666,0.01919823642702447,0.0,0.0,0.7,0.7287836418970293,0.7287836418970293,0.0
linear_near_intrinsic_branching_mdp,pessimistic,32,10,0.8,1.0,0.7999999999999999,0.744575,0.95,0.15000000000000002,0,8.0,22.0,0.0,0.6666666666666666,-0.4070234156456409,0.5341380095894084,0.5341380095894084,0.7999999999999999,0.0,0.0,0.7827936876641307
linear_near_intrinsic_branching_mdp,support_masked,32,10,0.8,1.0,0.7,0.744575,0.95,0.25,1,2.0,6.0,0.0,0.6666666666666666,0.01919823642702447,0.0,0.0,0.7,0.7287836418970293,0.7287836418970293,0.0
linear_near_intrinsic_branching_mdp,greedy,33,10,0.8,1.0,0.55,0.744575,0.95,0.3999999999999999,0,10.0,12.0,2.0,0.3333333333333333,0.04928478918915313,0.0,0.0,0.55,0.6039228860062014,0.6039228860062014,0.0
linear_near_intrinsic_branching_mdp,pessimistic,33,10,0.8,1.0,0.7999999999999999,0.744575,0.95,0.15000000000000002,0,10.0,28.0,0.0,0.6666666666666666,-0.38747129876510406,0.4918713789019496,0.4918713789019496,0.7999999999999999,0.18181818181818182,0.0,0.7236272269866328
linear_near_intrinsic_branching_mdp,support_masked,33,10,0.8,1.0,0.7999999999999999,0.744575,0.95,0.15000000000000002,0,10.0,28.0,0.0,0.6666666666666666,-0.1781829843691732,0.0,0.0,0.7999999999999999,0.5761026453741741,0.5761026453741741,0.0
linear_near_intrinsic_branching_mdp,greedy,34,10,0.8,1.0,0.7999999999999999,0.744575,0.95,0.15000000000000002,0,10.0,30.0,0.0,0.6666666666666666,-0.020050201153773057,0.0,0.0,0.7999999999999999,0.7528310890236379,0.7528310890236379,0.0
linear_near_intrinsic_branching_mdp,pessimistic,34,10,0.8,1.0,0.7999999999999999,0.744575,0.95,0.15000000000000002,0,10.0,30.0,0.0,0.6666666666666666,-0.28797290623470606,0.48726446800690937,0.48726446800690937,0.7999999999999999,0.18181818181818182,0.0,0.7236272269866328
linear_near_intrinsic_branching_mdp,support_masked,34,10,0.8,1.0,0.7999999999999999,0.744575,0.95,0.15000000000000002,0,10.0,30.0,0.0,0.6666666666666666,-0.020050201153773057,0.0,0.0,0.7999999999999999,0.7528310890236379,0.7528310890236379,0.0
linear_near_intrinsic_branching_mdp,greedy,35,10,0.8,1.0,0.7999999999999999,0.744575,0.95,0.15000000000000002,0,10.0,26.0,0.0,0.6666666666666666,-0.07577168668125424,0.0,0.0,0.7999999999999999,0.7361706580203894,0.7361706580203894,0.0
linear_near_intrinsic_branching_mdp,pessimistic,35,10,0.8,1.0,0.7999999999999999,0.744575,0.95,0.15000000000000002,0,10.0,26.0,0.0,0.6666666666666666,-0.34463070204399,0.49847108596760314,0.49847108596760314,0.7999999999999999,0.18181818181818182,0.0,0.7236272269866328
linear_near_intrinsic_branching_mdp,support_masked,35,10,0.8,1.0,0.7999999999999999,0.744575,0.95,0.15000000000000002,0,10.0,26.0,0.0,0.6666666666666666,-0.07577168668125424,0.0,0.0,0.7999999999999999,0.7361706580203894,0.7361706580203894,0.0
linear_near_intrinsic_branching_mdp,greedy,36,10,0.8,1.0,0.7999999999999999,0.744575,0.95,0.15000000000000002,0,10.0,27.0,0.0,0.6666666666666666,-0.25670747479895134,0.0,0.0,0.7999999999999999,0.4446225537319945,0.4446225537319945,0.0
linear_near_intrinsic_branching_mdp,pessimistic,36,10,0.8,1.0,0.7999999999999999,0.744575,0.95,0.15000000000000002,0,10.0,27.0,0.0,0.6666666666666666,-0.48518747723411676,0.49443397442221343,0.49443397442221343,0.7999999999999999,0.0,0.0,0.7236272269866328
linear_near_intrinsic_branching_mdp,support_masked,36,10,0.8,1.0,0.7999999999999999,0.744575,0.95,0.15000000000000002,0,10.0,27.0,0.0,0.6666666666666666,-0.25670747479895134,0.0,0.0,0.7999999999999999,0.4446225537319945,0.4446225537319945,0.0
linear_near_intrinsic_branching_mdp,greedy,37,10,0.8,1.0,0.95,0.744575,0.95,0.0,1,2.0,2.0,2.0,1.0,-0.4552330697488965,0.0,0.0,0.95,0.4752639531111779,0.4752639531111779,0.0
linear_near_intrinsic_branching_mdp,pessimistic,37,10,0.8,1.0,0.7999999999999999,0.744575,0.95,0.15000000000000002,0,8.0,23.0,0.0,0.6666666666666666,-0.45889284164755284,0.5239340784396737,0.5239340784396737,0.7999999999999999,0.0,0.0,0.7827936876641307
linear_near_intrinsic_branching_mdp,support_masked,37,10,0.8,1.0,0.7,0.744575,0.95,0.25,1,2.0,6.0,0.0,0.6666666666666666,-0.1395942489659673,0.0,0.0,0.7,0.45667762348622526,0.45667762348622526,0.0
linear_near_intrinsic_branching_mdp,greedy,38,10,0.8,1.0,0.95,0.744575,0.95,0.0,1,1.0,1.0,3.0,1.0,-0.5811230890322214,0.0,0.0,0.95,0.3628682387516619,0.3628682387516619,0.0
linear_near_intrinsic_branching_mdp,pessimistic,38,10,0.8,1.0,0.7999999999999999,0.744575,0.95,0.15000000000000002,0,9.0,25.0,0.0,0.6666666666666666,-0.5284033638427216,0.5084387862245067,0.5084387862245067,0.7999999999999999,0.0,0.0,0.7466052202059063
linear_near_intrinsic_branching_mdp,support_masked,38,10,0.8,1.0,0.7999999999999999,0.744575,0.95,0.15000000000000002,0,9.0,25.0,0.0,0.6666666666666666,-0.3416304104736149,0.0,0.0,0.7999999999999999,0.3314632409537882,0.3314632409537882,0.0
linear_near_intrinsic_branching_mdp,greedy,39,10,0.8,1.0,0.95,0.744575,0.95,0.0,1,1.0,1.0,3.0,1.0,-0.1402367237553306,0.0,0.0,0.95,0.8891758479779043,0.8891758479779043,0.0
linear_near_intrinsic_branching_mdp,pessimistic,39,10,0.8,1.0,0.7999999999999999,0.744575,0.95,0.15000000000000002,0,9.0,24.0,0.0,0.6666666666666666,-0.24509073781221472,0.5110004758664978,0.5110004758664978,0.7999999999999999,0.11589764552646588,0.0,0.7466052202059063
linear_near_intrinsic_branching_mdp,support_masked,39,10,0.8,1.0,0.7999999999999999,0.744575,0.95,0.15000000000000002,0,9.0,24.0,0.0,0.6666666666666666,0.06605637004002123,0.0,0.0,0.7999999999999999,0.8100626229781193,0.8100626229781193,0.0
linear_near_intrinsic_branching_mdp,greedy,0,50,0.8,1.0,0.7,0.744575,0.95,0.25,1,6.0,18.0,0.0,0.6666666666666666,0.5579497330161199,0.0,0.0,0.7,1.3676796982824737,1.3676796982824737,0.0
linear_near_intrinsic_branching_mdp,pessimistic,0,50,0.8,1.0,0.7999999999999999,0.744575,0.95,0.15000000000000002,0,44.0,125.0,0.0,0.6666666666666666,-0.19360169392061666,0.2383918263719174,0.2383918263719174,0.7999999999999999,0.3748784097372738,0.01892826208424475,0.35595014765302907
linear_near_intrinsic_branching_mdp,support_masked,0,50,0.8,1.0,0.7,0.744575,0.95,0.25,1,6.0,18.0,0.0,0.6666666666666666,0.5579497330161199,0.0,0.0,0.7,1.3676796982824737,1.3676796982824737,0.0
linear_near_intrinsic_branching_mdp,greedy,1,50,0.8,1.0,0.7999999999999999,0.744575,0.95,0.15000000000000002,0,42.0,118.0,0.0,0.6666666666666666,-0.1000401427828584,0.0,0.0,0.7999999999999999,0.7091061437996359,0.7091061437996359,0.0
linear_near_intrinsic_branching_mdp,pessimistic,1,50,0.8,1.0,0.7999999999999999,0.744575,0.95,0.15000000000000002,0,42.0,118.0,0.0,0.6666666666666666,-0.26161295392660416,0.24568730328393973,0.24568730328393973,0.7999999999999999,0.3436056576884116,0.0,0.36401014127347114
linear_near_intrinsic_branching_mdp,support_masked,1,50,0.8,1.0,0.7999999999999999,0.744575,0.95,0.15000000000000002,0,42.0,118.0,0.0,0.6666666666666666,-0.1011034647166628,0.0,0.0,0.7999999999999999,0.7059161779982227,0.7059161779982227,0.0
linear_near_intrinsic_branching_mdp,greedy,2,50,0.8,1.0,0.7999999999999999,0.744575,0.95,0.15000000000000002,0,42.0,112.0,0.0,0.6666666666666666,-0.09422142786454446,0.0,0.0,0.7999999999999999,0.6765952356412672,0.6765952356412672,0.0
linear_near_intrinsic_branching_mdp,pessimistic,2,50,0.8,1.0,0.7999999999999999,0.744575,0.95,0.15000000000000002,0,42.0,112.0,0.0,0.6666666666666666,-0.25974169533534897,0.24884241327380133,0.24884241327380133,0.7999999999999999,0.30208750052257516,0.0,0.36401014127347114
linear_near_intrinsic_branching_mdp,support_masked,2,50,0.8,1.0,0.7999999999999999,0.744575,0.95,0.15000000000000002,0,42.0,112.0,0.0,0.6666666666666666,-0.0952589979628335,0.0,0.0,0.7999999999999999,0.6734825253464001,0.6734825253464001,0.0
linear_near_intrinsic_branching_mdp,greedy,3,50,0.8,1.0,0.7999999999999999,0.744575,0.95,0.15000000000000002,0,45.0,122.0,0.0,0.6666666666666666,-0.05431636071032905,0.0,0.0,0.7999999999999999,0.7190205819672416,0.7190205819672416,0.0
linear_near_intrinsic_branching_mdp,pessimistic,3,50,0.8,1.0,0.7999999999999999,0.744575,0.95,0.15000000000000002,0,45.0,122.0,0.0,0.6666666666666666,-0.21501400921832534,0.24119082085070334,0.24119082085070334,0.7999999999999999,0.3546550876759479,0.002529865331182657,0.35212522234476523
linear_near_intrinsic_branching_mdp,support_masked,3,50,0.8,1.0,0.7999999999999999,0.744575,0.95,0.15000000000000002,0,45.0,122.0,0.0,0.6666666666666666,-0.054726722491826606,0.0,0.0,0.7999999999999999,0.7177894966227489,0.7177894966227489,0.0
linear_near_intrinsic_branching_mdp,greedy,4,50,0.8,1.0,0.7999999999999999,0.744575,0.95,0.15000000000000002,0,44.0,122.0,0.0,0.6666666666666666,0.13209041912372144,0.0,0.0,0.7999999999999999,0.9793264836241213,0.9793264836241213,0.0
linear_near_intrinsic_branching_mdp,pessimistic,4,50,0.8,1.0,0.7999999999999999,0.744575,0.95,0.15000000000000002,0,44.0,122.0,0.0,0.6666666666666666,-0.02655756210504619,0.2401764358912782,0.2401764358912782,0.7999999999999999,0.6210411131850088,0.2650909655319797,0.35595014765302907
linear_near_intrinsic_branching_mdp,support_masked,4,50,0.8,1.0,0.7999999999999999,0.744575,0.95,0.15000000000000002,0,44.0,122.0,0.0,0.6666666666666666,0.13209041912372144,0.0,0.0,0.7999999999999999,0.9793264836241213,0.9793264836241213,0.0
linear_near_intrinsic_branching_mdp,greedy,5,50,0.8,1.0,0.7,0.744575,0.95,0.25,1,7.0,26.0,0.0,0.6666666666666666,0.02293119708868922,0.0,0.0,0.7,0.7493665149706265,0.7493665149706265,0.0
linear_near_intrinsic_branching_mdp,pessimistic,5,50,0.8,1.0,0.7999999999999999,0.744575,0.95,0.15000000000000002,0,43.0,119.0,0.0,0.6666666666666666,-0.25595841054599305,0.2449028591989728,0.2449028591989728,0.7999999999999999,0.32019525063192206,0.0,0.3599100337359437
linear_near_intrinsic_branching_mdp,support_masked,5,50,0.8,1.0,0.7,0.744575,0.95,0.25,1,7.0,26.0,0.0,0.6666666666666666,0.02293119708868922,0.0,0.0,0.7,0.7493665149706265,0.7493665149706265,0.0
linear_near_intrinsic_branching_mdp,greedy,6,50,0.8,1.0,0.55,0.744575,0.95,0.3999999999999999,0,46.0,54.0,0.0,0.3333333333333333,0.1805800372585841,0.0,0.0,0.55,0.6798874411711548,0.6798874411711548,0.0
linear_near_intrinsic_branching_mdp,pessimistic,6,50,0.8,1.0,0.7999999999999999,0.744575,0.95,0.15000000000000002,0,46.0,131.0,0.0,0.6666666666666666,-0.23670492428808557,0.23413383821802294,0.23413383821802294,0.7999999999999999,0.32860528463109184,0.0,0.3484324213169957
linear_near_intrinsic_branching_mdp,support_masked,6,50,0.8,1.0,0.55,0.744575,0.95,0.3999999999999999,0,46.0,54.0,0.0,0.3333333333333333,0.18057476984869716,0.0,0.0,0.55,0.6798716389414942,0.6798716389414942,0.0
linear_near_intrinsic_branching_mdp,greedy,7,50,0.8,1.0,0.7999999999999999,0.744575,0.95,0.15000000000000002,0,40.0,111.0,0.0,0.6666666666666666,0.08941765310973204,0.0,0.0,0.7999999999999999,0.8911365476320801,0.8911365476320801,0.0
linear_near_intrinsic_branching_mdp,pessimistic,7,50,0.8,1.0,0.7999999999999999,0.744575,0.95,0.15000000000000002,0,40.0,111.0,0.0,0.6666666666666666,-0.07347160936861508,0.24995487487355408,0.24995487487355408,0.7999999999999999,0.5222558477111188,0.14959667837968155,0.3726591693314372
linear_near_intrinsic_branching_mdp,support_masked,7,50,0.8,1.0,0.7999999999999999,0.744575,0.95,0.15000000000000002,0,40.0,111.0,0.0,0.6666666666666666,0.08941765310973204,0.0,0.0,0.7999999999999999,0.8911365476320801,0.8911365476320801,0.0
linear_near_intrinsic_branching_mdp,greedy,8,50,0.8,1.0,0.7,0.744575,0.95,0.25,1,9.0,29.0,0.0,0.6666666666666666,0.22364816951678737,0.0,0.0,0.7,0.9365505436937764,0.9365505436937764,0.0
linear_near_intrinsic_branching_mdp,pessimistic,8,50,0.8,1.0,0.7999999999999999,0.744575,0.95,0.15000000000000002,0,41.0,113.0,0.0,0.6666666666666666,-0.048859744616545964,0.24942046562107967,0.24942046562107967,0.7999999999999999,0.527143178973151,0.15888595514770004,0.36825722382545095
linear_near_intrinsic_branching_mdp,support_masked,8,50,0.8,1.0,0.7,0.744575,0.95,0.25,1,9.0,29.0,0.0,0.6666666666666666,0.22364816951678737,0.0,0.0,0.7,0.9365505436937764,0.9365505436937764,0.0
linear_near_intrinsic_branching_mdp,greedy,9,50,0.8,1.0,0.7999999999999999,0.744575,0.95,0.15000000000000002,0,47.0,126.0,0.0,0.6666666666666666,0.02891322427383532,0.0,0.0,0.7999999999999999,0.863854651223933,0.863854651223933,0.0
linear_near_intrinsic_branching_mdp,pessimistic,9,50,0.8,1.0,0.7999999999999999,0.744575,0.95,0.15000000000000002,0,47.0,126.0,0.0,0.6666666666666666,-0.1302908710558385,0.23742572413272292,0.23742572413272292,0.7999999999999999,0.5031515467423587,0.15827757976696472,0.344873966975394
linear_near_intrinsic_branching_mdp,support_masked,9,50,0.8,1.0,0.7999999999999999,0.744575,0.95,0.15000000000000002,0,47.0,126.0,0.0,0.6666666666666666,0.028205839039778653,0.0,0.0,0.7999999999999999,0.861732495521763,0.861732495521763,0.0
linear_near_intrinsic_branching_mdp,greedy,10,50,0.8,1.0,0.7,0.744575,0.95,0.25,1,6.0,21.0,0.0,0.6666666666666666,0.18583519675501395,0.0,0.0,0.7,0.8830728120185082,0.8830728120185082,0.0
linear_near_intrinsic_branching_mdp,pessimistic,10,50,0.8,1.0,0.7999999999999999,0.744575,0.95,0.15000000000000002,0,44.0,125.0,0.0,0.6666666666666666,-0.12547011679593997,0.2398556495142955,0.2398556495142955,0.7999999999999999,0.4746835932890816,0.11873344563605254,0.35595014765302907
linear_near_intrinsic_branching_mdp,support_masked,10,50,0.8,1.0,0.7,0.744575,0.95,0.25,1,6.0,21.0,0.0,0.6666666666666666,0.18583519675501395,0.0,0.0,0.7,0.8830728120185082,0.8830728120185082,0.0
linear_near_intrinsic_branching_mdp,greedy,11,50,0.8,1.0,0.7,0.744575,0.95,0.25,1,7.0,18.0,0.0,0.6666666666666666,0.03238068804561121,0.0,0.0,0.7,0.7424694667335031,0.7424694667335031,0.0
linear_near_intrinsic_branching_mdp,pessimistic,11,50,0.8,1.0,0.7999999999999999,0.744575,0.95,0.15000000000000002,0,43.0,124.0,0.0,0.6666666666666666,-0.3109804107712864,0.2392944807717106,0.2392944807717106,0.7999999999999999,0.2182987188101627,0.0,0.3599100337359437
linear_near_intrinsic_branching_mdp,support_masked,11,50,0.8,1.0,0.7,0.744575,0.95,0.25,1,7.0,18.0,0.0,0.6666666666666666,0.03238068804561121,0.0,0.0,0.7,0.7424694667335031,0.7424694667335031,0.0
linear_near_intrinsic_branching_mdp,greedy,12,50,0.8,1.0,0.7,0.744575,0.95,0.25,1,5.0,23.0,0.0,0.6666666666666666,0.11174232518233794,0.0,0.0,0.7,0.8795384786465779,0.8795384786465779,0.0
linear_near_intrinsic_branching_mdp,pessimistic,12,50,0.8,1.0,0.7999999999999999,0.744575,0.95,0.15000000000000002,0,45.0,117.0,0.0,0.6666666666666666,-0.16291422341119255,0.24448180193104338,0.24448180193104338,0.7999999999999999,0.43900325884186875,0.08687803649710352,0.35212522234476523
linear_near_intrinsic_branching_mdp,support_masked,12,50,0.8,1.0,0.7,0.744575,0.95,0.25,1,5.0,23.0,0.0,0.6666666666666666,0.11174232518233794,0.0,0.0,0.7,0.8795384786465779,0.8795384786465779,0.0
linear_near_intrinsic_branching_mdp,greedy,13,50,0.8,1.0,0.7999999999999999,0.744575,0.95,0.15000000000000002,0,44.0,123.0,0.0,0.6666666666666666,-0.02338956849780662,0.0,0.0,0.7999999999999999,0.7551619283577458,0.7551619283577458,0.0
linear_near_intrinsic_branching_mdp,pessimistic,13,50,0.8,1.0,0.7999999999999999,0.744575,0.95,0.15000000000000002,0,44.0,123.0,0.0,0.6666666666666666,-0.18276171135973485,0.24126184788900742,0.24126184788900742,0.7999999999999999,0.3943356921194068,0.03838554446637771,0.35595014765302907
linear_near_intrinsic_branching_mdp,support_masked,13,50,0.8,1.0,0.7999999999999999,0.744575,0.95,0.15000000000000002,0,44.0,123.0,0.0,0.6666666666666666,-0.023722066872537435,0.0,0.0,0.7999999999999999,0.7541644332335533,0.7541644332335533,0.0
linear_near_intrinsic_branching_mdp,greedy,14,50,0.8,1.0,0.7999999999999999,0.744575,0.95,0.15000000000000002,0,45.0,127.0,0.0,0.6666666666666666,-0.08120005369840777,0.0,0.0,0.7999999999999999,0.6566834292454411,0.6566834292454411,0.0
linear_near_intrinsic_branching_mdp,pessimistic,14,50,0.8,1.0,0.7999999999999999,0.744575,0.95,0.15000000000000002,0,45.0,127.0,0.0,0.6666666666666666,-0.23847499919807671,0.23829904445975178,0.23829904445975178,0.7999999999999999,0.3001682852159591,0.0,0.35212522234476523
linear_near_intrinsic_branching_mdp,support_masked,14,50,0.8,1.0,0.7999999999999999,0.744575,0.95,0.15000000000000002,0,45.0,127.0,0.0,0.6666666666666666,-0.08120005369840777,0.0,0.0,0.7999999999999999,0.6566834292454411,0.6566834292454411,0.0
linear_near_intrinsic_branching_mdp,greedy,15,50,0.8,1.0,0.7,0.744575,0.95,0.25,1,10.0,32.0,0.0,0.6666666666666666,0.1447194312198495,0.0,0.0,0.7,0.8681273925985278,0.8681273925985278,0.0
linear_near_intrinsic_branching_mdp,pessimistic,15,50,0.8,1.0,0.7999999999999999,0.744575,0.95,0.15000000000000002,0,40.0,116.0,0.0,0.6666666666666666,-0.11663986773021949,0.2491878764173624,0.2491878764173624,0.7999999999999999,0.4215604829834306,0.04890131365199335,0.3726591693314372
linear_near_intrinsic_branching_mdp,support_masked,15,50,0.8,1.0,0.7,0.744575,0.95,0.25,1,10.0,32.0,0.0,0.6666666666666666,0.1447194312198495,0.0,0.0,0.7,0.8681273925985278,0.8681273925985278,0.0
linear_near_intrinsic_branching_mdp,greedy,16,50,0.8,1.0,0.7,0.744575,0.95,0.25,1,2.0,10.0,0.0,0.6666666666666666,0.46065270155604293,0.0,0.0,0.7,1.2597509184990165,1.2597509184990165,0.0
linear_near_intrinsic_branching_mdp,pessimistic,16,50,0.8,1.0,0.7999999999999999,0.744575,0.95,0.15000000000000002,0,48.0,131.0,0.0,0.6666666666666666,-0.21318942061928667,0.2335644842239505,0.2335644842239505,0.7999999999999999,0.3707790112601442,0.029312775325460838,0.34146623593468334
linear_near_intrinsic_branching_mdp,support_masked,16,50,0.8,1.0,0.7,0.744575,0.95,0.25,1,2.0,10.0,0.0,0.6666666666666666,0.46065270155604293,0.0,0.0,0.7,1.2597509184990165,1.2597509184990165,0.0
linear_near_intrinsic_branching_mdp,greedy,17,50,0.8,1.0,0.7999999999999999,0.744575,0.95,0.15000000000000002,0,40.0,111.0,0.0,0.6666666666666666,-0.19087798549208002,0.0,0.0,0.7999999999999999,0.5868142228335473,0.5868142228335473,0.0
linear_near_intrinsic_branching_mdp,pessimistic,17,50,0.8,1.0,0.7999999999999999,0.744575,0.95,0.15000000000000002,0,40.0,111.0,0.0,0.6666666666666666,-0.35687646907549503,0.25263680693222157,0.25263680693222157,0.7999999999999999,0.20997386429048498,0.0,0.3726591693314372
linear_near_intrinsic_branching_mdp,support_masked,17,50,0.8,1.0,0.7999999999999999,0.744575,0.95,0.15000000000000002,0,40.0,111.0,0.0,0.6666666666666666,-0.19109112172664344,0.0,0.0,0.7999999999999999,0.5861748141298571,0.5861748141298571,0.0
linear_near_intrinsic_branching_mdp,greedy,18,50,0.8,1.0,0.7999999999999999,0.744575,0.95,0.15000000000000002,0,45.0,122.0,0.0,0.6666666666666666,-0.019380861221747685,0.0,0.0,0.7999999999999999,0.7721791576364925,0.7721791576364925,0.0
linear_near_intrinsic_branching_mdp,pessimistic,18,50,0.8,1.0,0.7999999999999999,0.744575,0.95,0.15000000000000002,0,45.0,122.0,0.0,0.6666666666666666,-0.17923744485913481,0.2401453610695988,0.2401453610695988,0.7999999999999999,0.4106363004380822,0.05851107809331696,0.35212522234476523
linear_near_intrinsic_branching_mdp,support_masked,18,50,0.8,1.0,0.7999999999999999,0.744575,0.95,0.15000000000000002,0,45.0,122.0,0.0,0.6666666666666666,-0.020091364157840852,0.0,0.0,0.7999999999999999,0.770047648828213,0.770047648828213,0.0
linear_near_intrinsic_branching_mdp,greedy,19,50,0.8,1.0,0.7999999999999999,0.744575,0.95,0.15000000000000002,0,43.0,116.0,0.0,0.6666666666666666,0.05196026735627827,0.0,0.0,0.7999999999999999,0.8624418265194218,0.8624418265194218,0.0
linear_near_intrinsic_branching_mdp,pessimistic,19,50,0.8,1.0,0.7999999999999999,0.744575,0.95,0.15000000000000002,0,43.0,116.0,0.0,0.6666666666666666,-0.10915964266415122,0.24343925979938266,0.24343925979938266,0.7999999999999999,0.49892895699926826,0.13901892326332455,0.3599100337359437
linear_near_intrinsic_branching_mdp,support_masked,19,50,0.8,1.0,0.7999999999999999,0.744575,0.95,0.15000000000000002,0,43.0,116.0,0.0,0.6666666666666666,0.05196026735627827,0.0,0.0,0.7999999999999999,0.8624418265194218,0.8624418265194218,0.0
linear_near_intrinsic_branching_mdp,greedy,20,50,0.8,1.0,0.7,0.744575,0.95,0.25,1,4.0,19.0,0.0,0.6666666666666666,0.031127357045761788,0.0,0.0,0.7,0.698036838815083,0.698036838815083,0.0
linear_near_intrinsic_branching_mdp,pessimistic,20,50,0.8,1.0,0.7999999999999999,0.744575,0.95,0.15000000000000002,0,46.0,120.0,0.0,0.6666666666666666,-0.25367547047438394,0.24186403128047354,0.24186403128047354,0.7999999999999999,0.29538813112945694,0.0,0.3484324213169957
linear_near_intrinsic_branching_mdp,support_masked,20,50,0.8,1.0,0.7,0.744575,0.95,0.25,1,4.0,19.0,0.0,0.6666666666666666,0.031127357045761788,0.0,0.0,0.7,0.698036838815083,0.698036838815083,0.0
linear_near_intrinsic_branching_mdp,greedy,21,50,0.8,1.0,0.7999999999999999,0.744575,0.95,0.15000000000000002,0,44.0,121.0,0.0,0.6666666666666666,-0.06020254298071733,0.0,0.0,0.7999999999999999,0.7616122024182331,0.7616122024182331,0.0
linear_near_intrinsic_branching_mdp,pessimistic,21,50,0.8,1.0,0.7999999999999999,0.744575,0.95,0.15000000000000002,0,44.0,121.0,0.0,0.6666666666666666,-0.22122421911069712,0.24190779322512238,0.24190779322512238,0.7999999999999999,0.39839152009548956,0.04244137244246049,0.35595014765302907
linear_near_intrinsic_branching_mdp,support_masked,21,50,0.8,1.0,0.7999999999999999,0.744575,0.95,0.15000000000000002,0,44.0,121.0,0.0,0.6666666666666666,-0.06032063530918944,0.0,0.0,0.7999999999999999,0.7612579254328168,0.7612579254328168,0.0
linear_near_intrinsic_branching_mdp,greedy,22,50,0.8,1.0,0.7,0.744575,0.95,0.25,1,3.0,13.0,0.0,0.6666666666666666,0.4185649644992395,0.0,0.0,0.7,1.2327758930472874,1.2327758930472874,0.0
linear_near_intrinsic_branching_mdp,pessimistic,22,50,0.8,1.0,0.7999999999999999,0.744575,0.95,0.15000000000000002,0,47.0,132.0,0.0,0.6666666666666666,-0.1777684037905246,0.23374886678573173,0.23374886678573173,0.7999999999999999,0.4134648994307161,0.0685909324553221,0.344873966975394
linear_near_intrinsic_branching_mdp,support_masked,22,50,0.8,1.0,0.7,0.744575,0.95,0.25,1,3.0,13.0,0.0,0.6666666666666666,0.4185649644992395,0.0,0.0,0.7,1.2327758930472874,1.2327758930472874,0.0
linear_near_intrinsic_branching_mdp,greedy,23,50,0.8,1.0,0.7,0.744575,0.95,0.25,1,2.0,9.0,0.0,0.6666666666666666,0.05896421409148541,0.0,0.0,0.7,0.7893256298317455,0.7893256298317455,0.0
linear_near_intrinsic_branching_mdp,pessimistic,23,50,0.8,1.0,0.7999999999999999,0.744575,0.95,0.15000000000000002,0,48.0,130.0,0.0,0.6666666666666666,-0.22459754539337717,0.23421518346311918,0.23421518346311918,0.7999999999999999,0.3791707812731803,0.037704545338496986,0.34146623593468334
linear_near_intrinsic_branching_mdp,support_masked,23,50,0.8,1.0,0.7,0.744575,0.95,0.25,1,2.0,9.0,0.0,0.6666666666666666,0.05896421409148541,0.0,0.0,0.7,0.7893256298317455,0.7893256298317455,0.0
linear_near_intrinsic_branching_mdp,greedy,24,50,0.8,1.0,0.7,0.744575,0.95,0.25,1,3.0,10.0,0.0,0.6666666666666666,0.25040561019396534,0.0,0.0,0.7,1.0509164471889674,1.0509164471889674,0.0
linear_near_intrinsic_branching_mdp,pessimistic,24,50,0.8,1.0,0.7999999999999999,0.744575,0.95,0.15000000000000002,0,47.0,132.0,0.0,0.6666666666666666,-0.2827734576257616,0.23244384395649245,0.23244384395649245,0.7999999999999999,0.28782233626814635,0.0,0.344873966975394
linear_near_intrinsic_branching_mdp,support_masked,24,50,0.8,1.0,0.7,0.744575,0.95,0.25,1,3.0,10.0,0.0,0.6666666666666666,0.25040561019396534,0.0,0.0,0.7,1.0509164471889674,1.0509164471889674,0.0
linear_near_intrinsic_branching_mdp,greedy,25,50,0.8,1.0,0.7,0.744575,0.95,0.25,1,6.0,17.0,0.0,0.6666666666666666,0.11659129462135985,0.0,0.0,0.7,0.9003795150300922,0.9003795150300922,0.0
linear_near_intrinsic_branching_mdp,pessimistic,25,50,0.8,1.0,0.7999999999999999,0.744575,0.95,0.15000000000000002,0,44.0,123.0,0.0,0.6666666666666666,-0.29331300659347287,0.23990005099351305,0.23990005099351305,0.7999999999999999,0.3167209351389213,0.0,0.35595014765302907
linear_near_intrinsic_branching_mdp,support_masked,25,50,0.8,1.0,0.7,0.744575,0.95,0.25,1,6.0,17.0,0.0,0.6666666666666666,0.11659129462135985,0.0,0.0,0.7,0.9003795150300922,0.9003795150300922,0.0
linear_near_intrinsic_branching_mdp,greedy,26,50,0.8,1.0,0.7,0.744575,0.95,0.25,1,4.0,16.0,0.0,0.6666666666666666,0.31141357789860996,0.0,0.0,0.7,1.0674314865138408,1.0674314865138408,0.0
linear_near_intrinsic_branching_mdp,pessimistic,26,50,0.8,1.0,0.7999999999999999,0.744575,0.95,0.15000000000000002,0,46.0,118.0,0.0,0.6666666666666666,-0.14158426881056263,0.2423101616861312,0.2423101616861312,0.7999999999999999,0.4876390922009277,0.13920667088393202,0.3484324213169957
linear_near_intrinsic_branching_mdp,support_masked,26,50,0.8,1.0,0.7,0.744575,0.95,0.25,1,4.0,16.0,0.0,0.6666666666666666,0.31141357789860996,0.0,0.0,0.7,1.0674314865138408,1.0674314865138408,0.0
linear_near_intrinsic_branching_mdp,greedy,27,50,0.8,1.0,0.7999999999999999,0.744575,0.95,0.15000000000000002,0,45.0,115.0,0.0,0.6666666666666666,0.06721623723307606,0.0,0.0,0.7999999999999999,0.8378863683689194,0.8378863683689194,0.0
linear_near_intrinsic_branching_mdp,pessimistic,27,50,0.8,1.0,0.7999999999999999,0.744575,0.95,0.15000000000000002,0,45.0,115.0,0.0,0.6666666666666666,-0.09987079756769456,0.24617937828161032,0.24617937828161032,0.7999999999999999,0.4590166067972536,0.10689138445248836,0.35212522234476523
linear_near_intrinsic_branching_mdp,support_masked,27,50,0.8,1.0,0.7999999999999999,0.744575,0.95,0.15000000000000002,0,45.0,115.0,0.0,0.6666666666666666,0.06721623723307606,0.0,0.0,0.7999999999999999,0.8378863683689194,0.8378863683689194,0.0
linear_near_intrinsic_branching_mdp,greedy,28,50,0.8,1.0,0.7999999999999999,0.744575,0.95,0.15000000000000002,0,44.0,119.0,0.0,0.6666666666666666,0.021815372240191866,0.0,0.0,0.7999999999999999,0.8685079286531961,0.8685079286531961,0.0
linear_near_intrinsic_branching_mdp,pessimistic,28,50,0.8,1.0,0.7999999999999999,0.744575,0.95,0.15000000000000002,0,44.0,119.0,0.0,0.6666666666666666,-0.1409718722876734,0.24354641918356298,0.24354641918356298,0.7999999999999999,0.5010947019546602,0.14514455430163115,0.35595014765302907
linear_near_intrinsic_branching_mdp,support_masked,28,50,0.8,1.0,0.7999999999999999,0.744575,0.95,0.15000000000000002,0,44.0,119.0,0.0,0.6666666666666666,0.021693078605604526,0.0,0.0,0.7999999999999999,0.8681410477494341,0.8681410477494341,0.0
linear_near_intrinsic_branching_mdp,greedy,29,50,0.8,1.0,0.55,0.744575,0.95,0.3999999999999999,0,46.0,56.0,0.0,0.3333333333333333,0.1472753463999365,0.0,0.0,0.55,0.7699645058910264,0.7699645058910264,0.0
linear_near_intrinsic_branching_mdp,pessimistic,29,50,0.8,1.0,0.7999999999999999,0.744575,0.95,0.15000000000000002,0,46.0,131.0,0.0,0.6666666666666666,-0.37435079036093555,0.2349440163180854,0.2349440163180854,0.7999999999999999,0.21441179260168966,0.0,0.3484324213169957
linear_near_intrinsic_branching_mdp,support_masked,29,50,0.8,1.0,0.55,0.744575,0.95,0.3999999999999999,0,46.0,56.0,0.0,0.3333333333333333,0.1472753463999365,0.0,0.0,0.55,0.7699645058910264,0.7699645058910264,0.0
linear_near_intrinsic_branching_mdp,greedy,30,50,0.8,1.0,0.7999999999999999,0.744575,0.95,0.15000000000000002,0,44.0,122.0,0.0,0.6666666666666666,-0.07963554709358944,0.0,0.0,0.7999999999999999,0.6966887969909286,0.6966887969909286,0.0
linear_near_intrinsic_branching_mdp,pessimistic,30,50,0.8,1.0,0.7999999999999999,0.744575,0.95,0.15000000000000002,0,44.0,122.0,0.0,0.6666666666666666,-0.23959032942946681,0.24087566538827188,0.24087566538827188,0.7999999999999999,0.33651527519037516,0.0,0.35595014765302907
linear_near_intrinsic_branching_mdp,support_masked,30,50,0.8,1.0,0.7999999999999999,0.744575,0.95,0.15000000000000002,0,44.0,122.0,0.0,0.6666666666666666,-0.08040610330159874,0.0,0.0,0.7999999999999999,0.6943771283669007,0.6943771283669007,0.0
linear_near_intrinsic_branching_mdp,greedy,31,50,0.8,1.0,0.7,0.744575,0.95,0.25,1,7.0,19.0,0.0,0.6666666666666666,0.36318354906554884,0.0,0.0,0.7,1.1556783157197497,1.1556783157197497,0.0
linear_near_intrinsic_branching_mdp,pessimistic,31,50,0.8,1.0,0.7999999999999999,0.744575,0.95,0.15000000000000002,0,43.0,123.0,0.0,0.6666666666666666,-0.07981052829377251,0.24033138119913988,0.24033138119913988,0.7999999999999999,0.482855309887284,0.12294527615134027,0.3599100337359437
linear_near_intrinsic_branching_mdp,support_masked,31,50,0.8,1.0,0.7,0.744575,0.95,0.25,1,7.0,19.0,0.0,0.6666666666666666,0.36197240750035303,0.0,0.0,0.7,1.1520448910241623,1.1520448910241623,0.0
linear_near_intrinsic_branching_mdp,greedy,32,50,0.8,1.0,0.7,0.744575,0.95,0.25,1,7.0,21.0,0.0,0.6666666666666666,0.04194287108118747,0.0,0.0,0.7,0.7351503664681519,0.7351503664681519,0.0
linear_near_intrinsic_branching_mdp,pessimistic,32,50,0.8,1.0,0.7999999999999999,0.744575,0.95,0.15000000000000002,0,43.0,115.0,0.0,0.6666666666666666,-0.2922714260157848,0.24566052853223497,0.24566052853223497,0.7999999999999999,0.25423853575083616,0.0,0.3599100337359437
linear_near_intrinsic_branching_mdp,support_masked,32,50,0.8,1.0,0.7,0.744575,0.95,0.25,1,7.0,21.0,0.0,0.6666666666666666,0.04194287108118747,0.0,0.0,0.7,0.7351503664681519,0.7351503664681519,0.0
linear_near_intrinsic_branching_mdp,greedy,33,50,0.8,1.0,0.7,0.744575,0.95,0.25,1,2.0,10.0,1.0,0.6666666666666666,0.15686886652119506,0.0,0.0,0.7,0.8892538478414256,0.8892538478414256,0.0
linear_near_intrinsic_branching_mdp,pessimistic,33,50,0.8,1.0,0.7999999999999999,0.744575,0.95,0.15000000000000002,0,48.0,129.0,0.0,0.6666666666666666,-0.3345234543589795,0.23352443720211216,0.23352443720211216,0.7999999999999999,0.2184972752931585,0.0,0.34146623593468334
linear_near_intrinsic_branching_mdp,support_masked,33,50,0.8,1.0,0.55,0.744575,0.95,0.3999999999999999,0,48.0,61.0,0.0,0.3333333333333333,0.02951244391180648,0.0,0.0,0.55,0.581870928070162,0.581870928070162,0.0
linear_near_intrinsic_branching_mdp,greedy,34,50,0.8,1.0,0.7999999999999999,0.744575,0.95,0.15000000000000002,0,43.0,120.0,0.0,0.6666666666666666,0.09693541785453463,0.0,0.0,0.7999999999999999,0.9033314735847394,0.9033314735847394,0.0
linear_near_intrinsic_branching_mdp,pessimistic,34,50,0.8,1.0,0.7999999999999999,0.744575,0.95,0.15000000000000002,0,43.0,120.0,0.0,0.6666666666666666,-0.06419794042836702,0.24340343982903598,0.24340343982903598,0.7999999999999999,0.5395789084037421,0.1796688746677984,0.3599100337359437
linear_near_intrinsic_branching_mdp,support_masked,34,50,0.8,1.0,0.7999999999999999,0.744575,0.95,0.15000000000000002,0,43.0,120.0,0.0,0.6666666666666666,0.09693541785453463,0.0,0.0,0.7999999999999999,0.9033314735847394,0.9033314735847394,0.0
linear_near_intrinsic_branching_mdp,greedy,35,50,0.8,1.0,0.55,0.744575,0.95,0.3999999999999999,0,46.0,55.0,0.0,0.3333333333333333,0.23853493596697906,0.0,0.0,0.55,0.8542399846666577,0.8542399846666577,0.0
linear_near_intrinsic_branching_mdp,pessimistic,35,50,0.8,1.0,0.7999999999999999,0.744575,0.95,0.15000000000000002,0,46.0,128.0,0.0,0.6666666666666666,-0.1904911747989707,0.23513742829017567,0.23513742829017567,0.7999999999999999,0.4019486516899904,0.05351623037299469,0.3484324213169957
linear_near_intrinsic_branching_mdp,support_masked,35,50,0.8,1.0,0.55,0.744575,0.95,0.3999999999999999,0,46.0,55.0,0.0,0.3333333333333333,0.23853493596697906,0.0,0.0,0.55,0.8542399846666577,0.8542399846666577,0.0
linear_near_intrinsic_branching_mdp,greedy,36,50,0.8,1.0,0.7,0.744575,0.95,0.25,1,3.0,13.0,0.0,0.6666666666666666,0.1205024814997453,0.0,0.0,0.7,0.7915936511028209,0.7915936511028209,0.0
linear_near_intrinsic_branching_mdp,pessimistic,36,50,0.8,1.0,0.7999999999999999,0.744575,0.95,0.15000000000000002,0,47.0,131.0,0.0,0.6666666666666666,-0.26907124965248264,0.23412409310406387,0.23412409310406387,0.7999999999999999,0.26595257886937945,0.0,0.344873966975394
linear_near_intrinsic_branching_mdp,support_masked,36,50,0.8,1.0,0.7,0.744575,0.95,0.25,1,3.0,13.0,0.0,0.6666666666666666,0.1205024814997453,0.0,0.0,0.7,0.7915936511028209,0.7915936511028209,0.0
linear_near_intrinsic_branching_mdp,greedy,37,50,0.8,1.0,0.7999999999999999,0.744575,0.95,0.15000000000000002,0,47.0,128.0,0.0,0.6666666666666666,-0.13256730104041117,0.0,0.0,0.7999999999999999,0.5901175445446856,0.5901175445446856,0.0
linear_near_intrinsic_branching_mdp,pessimistic,37,50,0.8,1.0,0.7999999999999999,0.744575,0.95,0.15000000000000002,0,47.0,128.0,0.0,0.6666666666666666,-0.2902893183293842,0.2361426075116078,0.2361426075116078,0.7999999999999999,0.2330864287523112,0.0,0.344873966975394
linear_near_intrinsic_branching_mdp,support_masked,37,50,0.8,1.0,0.7999999999999999,0.744575,0.95,0.15000000000000002,0,47.0,128.0,0.0,0.6666666666666666,-0.13270774605653088,0.0,0.0,0.7999999999999999,0.5896962094963264,0.5896962094963264,0.0
linear_near_intrinsic_branching_mdp,greedy,38,50,0.8,1.0,0.7,0.744575,0.95,0.25,1,6.0,24.0,0.0,0.6666666666666666,0.12103091758853506,0.0,0.0,0.7,0.822472818502971,0.822472818502971,0.0
linear_near_intrinsic_branching_mdp,pessimistic,38,50,0.8,1.0,0.7999999999999999,0.744575,0.95,0.15000000000000002,0,44.0,118.0,0.0,0.6666666666666666,-0.2512674538830643,0.24428859788502955,0.24428859788502955,0.7999999999999999,0.3093955348051545,0.0,0.35595014765302907
linear_near_intrinsic_branching_mdp,support_masked,38,50,0.8,1.0,0.7,0.744575,0.95,0.25,1,6.0,24.0,0.0,0.6666666666666666,0.12103091758853506,0.0,0.0,0.7,0.822472818502971,0.822472818502971,0.0
linear_near_intrinsic_branching_mdp,greedy,39,50,0.8,1.0,0.95,0.744575,0.95,0.0,1,4.0,4.0,2.0,1.0,-0.21098177285975592,0.0,0.0,0.95,0.8038721026231804,0.8038721026231804,0.0
linear_near_intrinsic_branching_mdp,pessimistic,39,50,0.8,1.0,0.7999999999999999,0.744575,0.95,0.15000000000000002,0,46.0,129.0,0.0,0.6666666666666666,-0.13798779676357967,0.23572172739260053,0.23572172739260053,0.7999999999999999,0.418876574694746,0.07044415337775028,0.3484324213169957
linear_near_intrinsic_branching_mdp,support_masked,39,50,0.8,1.0,0.7999999999999999,0.744575,0.95,0.15000000000000002,0,46.0,129.0,0.0,0.6666666666666666,0.01824112629713424,0.0,0.0,0.7999999999999999,0.7705272957419678,0.7705272957419678,0.0
linear_near_intrinsic_branching_mdp,greedy,0,200,0.8,1.0,0.7,0.744575,0.95,0.25,1,22.0,74.0,0.0,0.6666666666666666,0.24830171298978798,0.0,0.0,0.7,1.028347879599325,1.028347879599325,0.0
linear_near_intrinsic_branching_mdp,pessimistic,0,200,0.8,1.0,0.7999999999999999,0.744575,0.95,0.15000000000000002,0,178.0,486.0,0.0,0.6666666666666666,-0.15111525326279493,0.12244282475858441,0.12244282475858441,0.7999999999999999,0.5270551445111897,0.3479151910064333,0.1791399535047564
linear_near_intrinsic_branching_mdp,support_masked,0,200,0.8,1.0,0.7,0.744575,0.95,0.25,1,22.0,74.0,0.0,0.6666666666666666,0.24830171298978798,0.0,0.0,0.7,1.028347879599325,1.028347879599325,0.0
linear_near_intrinsic_branching_mdp,greedy,1,200,0.8,1.0,0.7999999999999999,0.744575,0.95,0.15000000000000002,0,174.0,485.0,0.0,0.6666666666666666,-0.08954605581826336,0.0,0.0,0.7999999999999999,0.7007075008433277,0.7007075008433277,0.0
linear_near_intrinsic_branching_mdp,pessimistic,1,200,0.8,1.0,0.7999999999999999,0.744575,0.95,0.15000000000000002,0,174.0,485.0,0.0,0.6666666666666666,-0.17291521548983516,0.12315776484902984,0.12315776484902984,0.7999999999999999,0.5128304056133103,0.3316612107304677,0.18116919488284253
linear_near_intrinsic_branching_mdp,support_masked,1,200,0.8,1.0,0.7999999999999999,0.744575,0.95,0.15000000000000002,0,174.0,485.0,0.0,0.6666666666666666,-0.08954605581826336,0.0,0.0,0.7999999999999999,0.7007075008433277,0.7007075008433277,0.0
linear_near_intrinsic_branching_mdp,greedy,2,200,0.8,1.0,0.7999999999999999,0.744575,0.95,0.15000000000000002,0,170.0,463.0,0.0,0.6666666666666666,0.02054774905488747,0.0,0.0,0.7999999999999999,0.8330244719011851,0.8330244719011851,0.0
linear_near_intrinsic_branching_mdp,pessimistic,2,200,0.8,1.0,0.7999999999999999,0.744575,0.95,0.15000000000000002,0,170.0,463.0,0.0,0.6666666666666666,-0.06529074295083774,0.12589585102205197,0.12589585102205197,0.7999999999999999,0.6392196517444457,0.4559504204833218,0.1832692312611239
linear_near_intrinsic_branching_mdp,support_masked,2,200,0.8,1.0,0.7999999999999999,0.744575,0.95,0.15000000000000002,0,170.0,463.0,0.0,0.6666666666666666,0.020426983283495053,0.0,0.0,0.7999999999999999,0.8326621745870079,0.8326621745870079,0.0
linear_near_intrinsic_branching_mdp,greedy,3,200,0.8,1.0,0.7999999999999999,0.744575,0.95,0.15000000000000002,0,179.0,494.0,0.0,0.6666666666666666,0.04565936840204854,0.0,0.0,0.7999999999999999,0.8609332599854027,0.8609332599854027,0.0
linear_near_intrinsic_branching_mdp,pessimistic,3,200,0.8,1.0,0.7999999999999999,0.744575,0.95,0.15000000000000002,0,179.0,494.0,0.0,0.6666666666666666,-0.03746427319450588,0.12207946575173854,0.12207946575173854,0.7999999999999999,0.6738150157581224,0.49517175890260634,0.17864325685551607
linear_near_intrinsic_branching_mdp,support_masked,3,200,0.8,1.0,0.7999999999999999,0.744575,0.95,0.15000000000000002,0,179.0,494.0,0.0,0.6666666666666666,0.04551863806673014,0.0,0.0,0.7999999999999999,0.8605110689794475,0.8605110689794475,0.0
linear_near_intrinsic_branching_mdp,greedy,4,200,0.8,1.0,0.7999999999999999,0.744575,0.95,0.15000000000000002,0,175.0,474.0,0.0,0.6666666666666666,-0.045371724558365245,0.0,0.0,0.7999999999999999,0.7437405182198549,0.7437405182198549,0.0
linear_near_intrinsic_branching_mdp,pessimistic,4,200,0.8,1.0,0.7999999999999999,0.744575,0.95,0.15000000000000002,0,175.0,474.0,0.0,0.6666666666666666,-0.12971712884365796,0.12349427819871502,0.12349427819871502,0.7999999999999999,0.5541686373295881,0.37351323681177484,0.18065540051781329
linear_near_intrinsic_branching_mdp,support_masked,4,200,0.8,1.0,0.7999999999999999,0.744575,0.95,0.15000000000000002,0,175.0,474.0,0.0,0.6666666666666666,-0.045371724558365245,0.0,0.0,0.7999999999999999,0.7437405182198549,0.7437405182198549,0.0
linear_near_intrinsic_branching_mdp,greedy,5,200,0.8,1.0,0.7999999999999999,0.744575,0.95,0.15000000000000002,0,183.0,494.0,0.0,0.6666666666666666,-0.04364887238616159,0.0,0.0,0.7999999999999999,0.7356990337506182,0.7356990337506182,0.0
linear_near_intrinsic_branching_mdp,pessimistic,5,200,0.8,1.0,0.7999999999999999,0.744575,0.95,0.15000000000000002,0,183.0,494.0,0.0,0.6666666666666666,-0.12717455928141322,0.12169090653362996,0.12169090653362996,0.7999999999999999,0.5477929739537057,0.3710956913240344,0.1766972826296713
linear_near_intrinsic_branching_mdp,support_masked,5,200,0.8,1.0,0.7999999999999999,0.744575,0.95,0.15000000000000002,0,183.0,494.0,0.0,0.6666666666666666,-0.043728093066939956,0.0,0.0,0.7999999999999999,0.7354613717082831,0.7354613717082831,0.0
linear_near_intrinsic_branching_mdp,greedy,6,200,0.8,1.0,0.7999999999999999,0.744575,0.95,0.15000000000000002,0,186.0,513.0,0.0,0.6666666666666666,0.021074577383181598,0.0,0.0,0.7999999999999999,0.8275807197148285,0.8275807197148285,0.0
linear_near_intrinsic_branching_mdp,pessimistic,6,200,0.8,1.0,0.7999999999999999,0.744575,0.95,0.15000000000000002,0,186.0,513.0,0.0,0.6666666666666666,-0.06049879679340112,0.11962785580400065,0.11962785580400065,0.7999999999999999,0.6442397906004439,0.4689605131961701,0.1752792774042738
linear_near_intrinsic_branching_mdp,support_masked,6,200,0.8,1.0,0.7999999999999999,0.744575,0.95,0.15000000000000002,0,186.0,513.0,0.0,0.6666666666666666,0.021074577383181598,0.0,0.0,0.7999999999999999,0.8275807197148285,0.8275807197148285,0.0
linear_near_intrinsic_branching_mdp,greedy,7,200,0.8,1.0,0.7,0.744575,0.95,0.25,1,26.0,83.0,0.0,0.6666666666666666,0.13598897709388377,0.0,0.0,0.7,0.9028197386106812,0.9028197386106812,0.0
linear_near_intrinsic_branching_mdp,pessimistic,7,200,0.8,1.0,0.7999999999999999,0.744575,0.95,0.15000000000000002,0,174.0,484.0,0.0,0.6666666666666666,-0.0927173906683008,0.12293564213506343,0.12293564213506343,0.7999999999999999,0.6042870019160808,0.4231178070332382,0.18116919488284253
linear_near_intrinsic_branching_mdp,support_masked,7,200,0.8,1.0,0.7,0.744575,0.95,0.25,1,26.0,83.0,0.0,0.6666666666666666,0.13598897709388377,0.0,0.0,0.7,0.9028197386106812,0.9028197386106812,0.0
linear_near_intrinsic_branching_mdp,greedy,8,200,0.8,1.0,0.7999999999999999,0.744575,0.95,0.15000000000000002,0,178.0,499.0,0.0,0.6666666666666666,0.05438382829462152,0.0,0.0,0.7999999999999999,0.8538942569921372,0.8538942569921372,0.0
linear_near_intrinsic_branching_mdp,pessimistic,8,200,0.8,1.0,0.7999999999999999,0.744575,0.95,0.15000000000000002,0,178.0,499.0,0.0,0.6666666666666666,-0.027737278221665457,0.12152009171171764,0.12152009171171764,0.7999999999999999,0.6688286990306735,0.4896887455259171,0.1791399535047564
linear_near_intrinsic_branching_mdp,support_masked,8,200,0.8,1.0,0.7999999999999999,0.744575,0.95,0.15000000000000002,0,178.0,499.0,0.0,0.6666666666666666,0.05438382829462152,0.0,0.0,0.7999999999999999,0.8538942569921372,0.8538942569921372,0.0
linear_near_intrinsic_branching_mdp,greedy,9,200,0.8,1.0,0.7999999999999999,0.744575,0.95,0.15000000000000002,0,178.0,493.0,0.0,0.6666666666666666,-0.06287427269422817,0.0,0.0,0.7999999999999999,0.7402723357755548,0.7402723357755548,0.0
linear_near_intrinsic_branching_mdp,pessimistic,9,200,0.8,1.0,0.7999999999999999,0.744575,0.95,0.15000000000000002,0,178.0,493.0,0.0,0.6666666666666666,-0.14582546848572434,0.12211632220564063,0.12211632220564063,0.7999999999999999,0.553340194350377,0.37420024084562054,0.1791399535047564
linear_near_intrinsic_branching_mdp,support_masked,9,200,0.8,1.0,0.7999999999999999,0.744575,0.95,0.15000000000000002,0,178.0,493.0,0.0,0.6666666666666666,-0.06287427269422817,0.0,0.0,0.7999999999999999,0.7402723357755548,0.7402723357755548,0.0
linear_near_intrinsic_branching_mdp,greedy,10,200,0.8,1.0,0.7999999999999999,0.744575,0.95,0.15000000000000002,0,177.0,479.0,0.0,0.6666666666666666,-0.06898377429128434,0.0,0.0,0.7999999999999999,0.7220222244606336,0.7220222244606336,0.0
linear_near_intrinsic_branching_mdp,pessimistic,10,200,0.8,1.0,0.7999999999999999,0.744575,0.95,0.15000000000000002,0,177.0,479.0,0.0,0.6666666666666666,-0.15361690015033708,0.12361202164967276,0.12361202164967276,0.7999999999999999,0.5312115805185238,0.3515707420381756,0.17964083848034815
linear_near_intrinsic_branching_mdp,support_masked,10,200,0.8,1.0,0.7999999999999999,0.744575,0.95,0.15000000000000002,0,177.0,479.0,0.0,0.6666666666666666,-0.06898377429128434,0.0,0.0,0.7999999999999999,0.7220222244606336,0.7220222244606336,0.0
linear_near_intrinsic_branching_mdp,greedy,11,200,0.8,1.0,0.7,0.744575,0.95,0.25,1,22.0,75.0,0.0,0.6666666666666666,0.1493191401629054,0.0,0.0,0.7,0.9050585980298838,0.9050585980298838,0.0
linear_near_intrinsic_branching_mdp,pessimistic,11,200,0.8,1.0,0.7999999999999999,0.744575,0.95,0.15000000000000002,0,178.0,484.0,0.0,0.6666666666666666,-0.12630573826064345,0.12284309011144358,0.12284309011144358,0.7999999999999999,0.546221227746528,0.3670812742417716,0.1791399535047564
linear_near_intrinsic_branching_mdp,support_masked,11,200,0.8,1.0,0.7,0.744575,0.95,0.25,1,22.0,75.0,0.0,0.6666666666666666,0.1493191401629054,0.0,0.0,0.7,0.9050585980298838,0.9050585980298838,0.0
linear_near_intrinsic_branching_mdp,greedy,12,200,0.8,1.0,0.7,0.744575,0.95,0.25,1,18.0,70.0,0.0,0.6666666666666666,0.23802161582962542,0.0,0.0,0.7,0.9855950744271643,0.9855950744271643,0.0
linear_near_intrinsic_branching_mdp,pessimistic,12,200,0.8,1.0,0.7999999999999999,0.744575,0.95,0.15000000000000002,0,182.0,502.0,0.0,0.6666666666666666,-0.04048991083473578,0.12112794544076665,0.12112794544076665,0.7999999999999999,0.6742773329748969,0.4970995759667563,0.1771777570081406
linear_near_intrinsic_branching_mdp,support_masked,12,200,0.8,1.0,0.7,0.744575,0.95,0.25,1,18.0,70.0,0.0,0.6666666666666666,0.23802161582962542,0.0,0.0,0.7,0.9855950744271643,0.9855950744271643,0.0
linear_near_intrinsic_branching_mdp,greedy,13,200,0.8,1.0,0.7999999999999999,0.744575,0.95,0.15000000000000002,0,182.0,507.0,0.0,0.6666666666666666,-0.048759922423209846,0.0,0.0,0.7999999999999999,0.713650725685815,0.713650725685815,0.0
linear_near_intrinsic_branching_mdp,pessimistic,13,200,0.8,1.0,0.7999999999999999,0.744575,0.95,0.15000000000000002,0,182.0,507.0,0.0,0.6666666666666666,-0.13041657023081357,0.12035269692758514,0.12035269692758514,0.7999999999999999,0.5300091698157219,0.3528314128075813,0.1771777570081406
linear_near_intrinsic_branching_mdp,support_masked,13,200,0.8,1.0,0.7999999999999999,0.744575,0.95,0.15000000000000002,0,182.0,507.0,0.0,0.6666666666666666,-0.048759922423209846,0.0,0.0,0.7999999999999999,0.713650725685815,0.713650725685815,0.0
linear_near_intrinsic_branching_mdp,greedy,14,200,0.8,1.0,0.7999999999999999,0.744575,0.95,0.15000000000000002,0,179.0,489.0,0.0,0.6666666666666666,-0.03454594768679623,0.0,0.0,0.7999999999999999,0.7415339952704473,0.7415339952704473,0.0
linear_near_intrinsic_branching_mdp,pessimistic,14,200,0.8,1.0,0.7999999999999999,0.744575,0.95,0.15000000000000002,0,179.0,489.0,0.0,0.6666666666666666,-0.11834230323219437,0.12275155750259303,0.12275155750259303,0.7999999999999999,0.5524305259177635,0.37378726906224746,0.17864325685551607
linear_near_intrinsic_branching_mdp,support_masked,14,200,0.8,1.0,0.7999999999999999,0.744575,0.95,0.15000000000000002,0,179.0,489.0,0.0,0.6666666666666666,-0.03456242681730082,0.0,0.0,0.7999999999999999,0.7414845578789335,0.7414845578789335,0.0
linear_near_intrinsic_branching_mdp,greedy,15,200,0.8,1.0,0.7999999999999999,0.744575,0.95,0.15000000000000002,0,176.0,493.0,0.0,0.6666666666666666,0.0463278003487387,0.0,0.0,0.7999999999999999,0.855009561121329,0.855009561121329,0.0
linear_near_intrinsic_branching_mdp,pessimistic,15,200,0.8,1.0,0.7999999999999999,0.744575,0.95,0.15000000000000002,0,176.0,493.0,0.0,0.6666666666666666,-0.036250993670216926,0.1221608145446552,0.1221608145446552,0.7999999999999999,0.66907550943032,0.48892954124986643,0.1801459681804536
linear_near_intrinsic_branching_mdp,support_masked,15,200,0.8,1.0,0.7999999999999999,0.744575,0.95,0.15000000000000002,0,176.0,493.0,0.0,0.6666666666666666,0.0463278003487387,0.0,0.0,0.7999999999999999,0.855009561121329,0.855009561121329,0.0
linear_near_intrinsic_branching_mdp,greedy,16,200,0.8,1.0,0.7,0.744575,0.95,0.25,1,15.0,62.0,0.0,0.6666666666666666,0.3345001669183592,0.0,0.0,0.7,1.1299139763135948,1.1299139763135948,0.0
linear_near_intrinsic_branching_mdp,pessimistic,16,200,0.8,1.0,0.7999999999999999,0.744575,0.95,0.15000000000000002,0,185.0,505.0,0.0,0.6666666666666666,-0.06102734321930799,0.12062625206159515,0.12062625206159515,0.7999999999999999,0.6409116378950921,0.465163551917005,0.17574808597808708
linear_near_intrinsic_branching_mdp,support_masked,16,200,0.8,1.0,0.7,0.744575,0.95,0.25,1,15.0,62.0,0.0,0.6666666666666666,0.3345001669183592,0.0,0.0,0.7,1.1299139763135948,1.1299139763135948,0.0
linear_near_intrinsic_branching_mdp,greedy,17,200,0.8,1.0,0.7999999999999999,0.744575,0.95,0.15000000000000002,0,169.0,467.0,0.0,0.6666666666666666,-0.0801213280212577,0.0,0.0,0.7999999999999999,0.7400114695202469,0.7400114695202469,0.0
linear_near_intrinsic_branching_mdp,pessimistic,17,200,0.8,1.0,0.7999999999999999,0.744575,0.95,0.15000000000000002,0,169.0,467.0,0.0,0.6666666666666666,-0.16511540249728146,0.12535182659125346,0.12535182659125346,0.7999999999999999,0.5482932035618295,0.3644874261203321,0.18380577744149745
linear_near_intrinsic_branching_mdp,support_masked,17,200,0.8,1.0,0.7999999999999999,0.744575,0.95,0.15000000000000002,0,169.0,467.0,0.0,0.6666666666666666,-0.0801213280212577,0.0,0.0,0.7999999999999999,0.7400114695202469,0.7400114695202469,0.0
linear_near_intrinsic_branching_mdp,greedy,18,200,0.8,1.0,0.7999999999999999,0.744575,0.95,0.15000000000000002,0,176.0,470.0,0.0,0.6666666666666666,0.06777749343295798,0.0,0.0,0.7999999999999999,0.8760858837596396,0.8760858837596396,0.0
linear_near_intrinsic_branching_mdp,pessimistic,18,200,0.8,1.0,0.7999999999999999,0.744575,0.95,0.15000000000000002,0,176.0,470.0,0.0,0.6666666666666666,-0.0173993263828911,0.12406558543150425,0.12406558543150425,0.7999999999999999,0.6843789103483853,0.5042329421679317,0.1801459681804536
linear_near_intrinsic_branching_mdp,support_masked,18,200,0.8,1.0,0.7999999999999999,0.744575,0.95,0.15000000000000002,0,176.0,470.0,0.0,0.6666666666666666,0.06777749343295798,0.0,0.0,0.7999999999999999,0.8760858837596396,0.8760858837596396,0.0
linear_near_intrinsic_branching_mdp,greedy,19,200,0.8,1.0,0.7,0.744575,0.95,0.25,1,23.0,73.0,0.0,0.6666666666666666,0.1584168542407708,0.0,0.0,0.7,0.8642931246307225,0.8642931246307225,0.0
linear_near_intrinsic_branching_mdp,pessimistic,19,200,0.8,1.0,0.7999999999999999,0.744575,0.95,0.15000000000000002,0,177.0,487.0,0.0,0.6666666666666666,-0.04748827893469013,0.12220611410814379,0.12220611410814379,0.7999999999999999,0.6429772119782745,0.46333637349792633,0.17964083848034815
linear_near_intrinsic_branching_mdp,support_masked,19,200,0.8,1.0,0.7,0.744575,0.95,0.25,1,23.0,73.0,0.0,0.6666666666666666,0.1584168542407708,0.0,0.0,0.7,0.8642931246307225,0.8642931246307225,0.0
linear_near_intrinsic_branching_mdp,greedy,20,200,0.8,1.0,0.7,0.744575,0.95,0.25,1,20.0,66.0,0.0,0.6666666666666666,0.10276520080908354,0.0,0.0,0.7,0.8325982669864866,0.8325982669864866,0.0
linear_near_intrinsic_branching_mdp,pessimistic,20,200,0.8,1.0,0.7999999999999999,0.744575,0.95,0.15000000000000002,0,180.0,495.0,0.0,0.6666666666666666,-0.0957845309282009,0.12149449812434032,0.12149449812434032,0.7999999999999999,0.5906397017423701,0.4124890080360155,0.1781506937063546
linear_near_intrinsic_branching_mdp,support_masked,20,200,0.8,1.0,0.7,0.744575,0.95,0.25,1,20.0,66.0,0.0,0.6666666666666666,0.10276520080908354,0.0,0.0,0.7,0.8325982669864866,0.8325982669864866,0.0
linear_near_intrinsic_branching_mdp,greedy,21,200,0.8,1.0,0.7999999999999999,0.744575,0.95,0.15000000000000002,0,184.0,514.0,0.0,0.6666666666666666,-0.0029465356590656633,0.0,0.0,0.7999999999999999,0.8156161324997971,0.8156161324997971,0.0
linear_near_intrinsic_branching_mdp,pessimistic,21,200,0.8,1.0,0.7999999999999999,0.744575,0.95,0.15000000000000002,0,184.0,514.0,0.0,0.6666666666666666,-0.08409548882228164,0.11963769911503523,0.11963769911503523,0.7999999999999999,0.633088764497511,0.456868023983362,0.17622074051414896
linear_near_intrinsic_branching_mdp,support_masked,21,200,0.8,1.0,0.7999999999999999,0.744575,0.95,0.15000000000000002,0,184.0,514.0,0.0,0.6666666666666666,-0.0029465356590656633,0.0,0.0,0.7999999999999999,0.8156161324997971,0.8156161324997971,0.0
linear_near_intrinsic_branching_mdp,greedy,22,200,0.8,1.0,0.7,0.744575,0.95,0.25,1,15.0,63.0,0.0,0.6666666666666666,0.11275592817862261,0.0,0.0,0.7,0.845955532666149,0.845955532666149,0.0
linear_near_intrinsic_branching_mdp,pessimistic,22,200,0.8,1.0,0.7999999999999999,0.744575,0.95,0.15000000000000002,0,185.0,504.0,0.0,0.6666666666666666,-0.055974630243287304,0.12069430517236161,0.12069430517236161,0.7999999999999999,0.6126440710524858,0.43689598507439864,0.17574808597808708
linear_near_intrinsic_branching_mdp,support_masked,22,200,0.8,1.0,0.7,0.744575,0.95,0.25,1,15.0,63.0,0.0,0.6666666666666666,0.11275592817862261,0.0,0.0,0.7,0.845955532666149,0.845955532666149,0.0
linear_near_intrinsic_branching_mdp,greedy,23,200,0.8,1.0,0.7999999999999999,0.744575,0.95,0.15000000000000002,0,184.0,514.0,0.0,0.6666666666666666,0.004127746861257646,0.0,0.0,0.7999999999999999,0.7907217744103715,0.7907217744103715,0.0
linear_near_intrinsic_branching_mdp,pessimistic,23,200,0.8,1.0,0.7999999999999999,0.744575,0.95,0.15000000000000002,0,184.0,514.0,0.0,0.6666666666666666,-0.07728750432102272,0.11996331147856143,0.11996331147856143,0.7999999999999999,0.6074527984281755,0.4312320579140265,0.17622074051414896
linear_near_intrinsic_branching_mdp,support_masked,23,200,0.8,1.0,0.7999999999999999,0.744575,0.95,0.15000000000000002,0,184.0,514.0,0.0,0.6666666666666666,0.004092126778609299,0.0,0.0,0.7999999999999999,0.7906149141624265,0.7906149141624265,0.0
linear_near_intrinsic_branching_mdp,greedy,24,200,0.8,1.0,0.7,0.744575,0.95,0.25,1,15.0,65.0,0.0,0.6666666666666666,0.05131525063140543,0.0,0.0,0.7,0.779856752094446,0.779856752094446,0.0
linear_near_intrinsic_branching_mdp,pessimistic,24,200,0.8,1.0,0.7999999999999999,0.744575,0.95,0.15000000000000002,0,185.0,493.0,0.0,0.6666666666666666,-0.12294709018386475,0.12148773101091569,0.12148773101091569,0.7999999999999999,0.5815961685782096,0.4058480826001225,0.17574808597808708
linear_near_intrinsic_branching_mdp,support_masked,24,200,0.8,1.0,0.7,0.744575,0.95,0.25,1,15.0,65.0,0.0,0.6666666666666666,0.05131525063140543,0.0,0.0,0.7,0.779856752094446,0.779856752094446,0.0
linear_near_intrinsic_branching_mdp,greedy,25,200,0.8,1.0,0.7,0.744575,0.95,0.25,1,18.0,64.0,0.0,0.6666666666666666,0.09852849083881733,0.0,0.0,0.7,0.8129639800452468,0.8129639800452468,0.0
linear_near_intrinsic_branching_mdp,pessimistic,25,200,0.8,1.0,0.7999999999999999,0.744575,0.95,0.15000000000000002,0,182.0,502.0,0.0,0.6666666666666666,-0.10798867739582946,0.12095535060924768,0.12095535060924768,0.7999999999999999,0.6109124938530743,0.43373473684493374,0.1771777570081406
linear_near_intrinsic_branching_mdp,support_masked,25,200,0.8,1.0,0.7,0.744575,0.95,0.25,1,18.0,64.0,0.0,0.6666666666666666,0.09852849083881733,0.0,0.0,0.7,0.8129639800452468,0.8129639800452468,0.0
linear_near_intrinsic_branching_mdp,greedy,26,200,0.8,1.0,0.7,0.744575,0.95,0.25,1,26.0,94.0,0.0,0.6666666666666666,0.08309647782386693,0.0,0.0,0.7,0.8225704533832076,0.8225704533832076,0.0
linear_near_intrinsic_branching_mdp,pessimistic,26,200,0.8,1.0,0.7999999999999999,0.744575,0.95,0.15000000000000002,0,174.0,459.0,0.0,0.6666666666666666,-0.07751619901348339,0.12562323969458986,0.12562323969458986,0.7999999999999999,0.6179341437383123,0.4367649488554698,0.18116919488284253
linear_near_intrinsic_branching_mdp,support_masked,26,200,0.8,1.0,0.7,0.744575,0.95,0.25,1,26.0,94.0,0.0,0.6666666666666666,0.08309647782386693,0.0,0.0,0.7,0.8225704533832076,0.8225704533832076,0.0
linear_near_intrinsic_branching_mdp,greedy,27,200,0.8,1.0,0.7999999999999999,0.744575,0.95,0.15000000000000002,0,179.0,487.0,0.0,0.6666666666666666,0.04581998015091837,0.0,0.0,0.7999999999999999,0.8282300926939472,0.8282300926939472,0.0
linear_near_intrinsic_branching_mdp,pessimistic,27,200,0.8,1.0,0.7999999999999999,0.744575,0.95,0.15000000000000002,0,179.0,487.0,0.0,0.6666666666666666,-0.03770783479256201,0.12217652469921887,0.12217652469921887,0.7999999999999999,0.6405611512852561,0.4619178944297401,0.17864325685551607
linear_near_intrinsic_branching_mdp,support_masked,27,200,0.8,1.0,0.7999999999999999,0.744575,0.95,0.15000000000000002,0,179.0,487.0,0.0,0.6666666666666666,0.04581998015091837,0.0,0.0,0.7999999999999999,0.8282300926939472,0.8282300926939472,0.0
linear_near_intrinsic_branching_mdp,greedy,28,200,0.8,1.0,0.7,0.744575,0.95,0.25,1,18.0,62.0,0.0,0.6666666666666666,0.22578237797951176,0.0,0.0,0.7,1.0112025618104972,1.0112025618104972,0.0
linear_near_intrinsic_branching_mdp,pessimistic,28,200,0.8,1.0,0.7999999999999999,0.744575,0.95,0.15000000000000002,0,182.0,512.0,0.0,0.6666666666666666,-0.009259393676475583,0.12015155347282548,0.12015155347282548,0.7999999999999999,0.7026617551045526,0.5254839980964121,0.1771777570081406
linear_near_intrinsic_branching_mdp,support_masked,28,200,0.8,1.0,0.7,0.744575,0.95,0.25,1,18.0,62.0,0.0,0.6666666666666666,0.22578237797951176,0.0,0.0,0.7,1.0112025618104972,1.0112025618104972,0.0
linear_near_intrinsic_branching_mdp,greedy,29,200,0.8,1.0,0.7999999999999999,0.744575,0.95,0.15000000000000002,0,180.0,496.0,0.0,0.6666666666666666,-0.05870134474185914,0.0,0.0,0.7999999999999999,0.7254576304194732,0.7254576304194732,0.0
linear_near_intrinsic_branching_mdp,pessimistic,29,200,0.8,1.0,0.7999999999999999,0.744575,0.95,0.15000000000000002,0,180.0,496.0,0.0,0.6666666666666666,-0.14172917099010182,0.12192942594523952,0.12192942594523952,0.7999999999999999,0.538289743079191,0.36013904937283636,0.1781506937063546
linear_near_intrinsic_branching_mdp,support_masked,29,200,0.8,1.0,0.7999999999999999,0.744575,0.95,0.15000000000000002,0,180.0,496.0,0.0,0.6666666666666666,-0.05874291128792445,0.0,0.0,0.7999999999999999,0.7253329307812773,0.7253329307812773,0.0
linear_near_intrinsic_branching_mdp,greedy,30,200,0.8,1.0,0.7999999999999999,0.744575,0.95,0.15000000000000002,0,172.0,467.0,0.0,0.6666666666666666,0.02617053406015213,0.0,0.0,0.7999999999999999,0.8359176332828131,0.8359176332828131,0.0
linear_near_intrinsic_branching_mdp,pessimistic,30,200,0.8,1.0,0.7999999999999999,0.744575,0.95,0.15000000000000002,0,172.0,467.0,0.0,0.6666666666666666,-0.05869278470415473,0.12443692052994415,0.12443692052994415,0.7999999999999999,0.6453323827591404,0.46312226822981917,0.1822101145293212
linear_near_intrinsic_branching_mdp,support_masked,30,200,0.8,1.0,0.7999999999999999,0.744575,0.95,0.15000000000000002,0,172.0,467.0,0.0,0.6666666666666666,0.02617053406015213,0.0,0.0,0.7999999999999999,0.8359176332828131,0.8359176332828131,0.0
linear_near_intrinsic_branching_mdp,greedy,31,200,0.8,1.0,0.7999999999999999,0.744575,0.95,0.15000000000000002,0,174.0,489.0,0.0,0.6666666666666666,0.069476721543086,0.0,0.0,0.7999999999999999,0.8681470973838873,0.8681470973838873,0.0
linear_near_intrinsic_branching_mdp,pessimistic,31,200,0.8,1.0,0.7999999999999999,0.744575,0.95,0.15000000000000002,0,174.0,489.0,0.0,0.6666666666666666,-0.013419655158648403,0.12263584233265123,0.12263584233265123,0.7999999999999999,0.6816991377348076,0.5005299428519651,0.18116919488284253
linear_near_intrinsic_branching_mdp,support_masked,31,200,0.8,1.0,0.7999999999999999,0.744575,0.95,0.15000000000000002,0,174.0,489.0,0.0,0.6666666666666666,0.069476721543086,0.0,0.0,0.7999999999999999,0.8681470973838873,0.8681470973838873,0.0
linear_near_intrinsic_branching_mdp,greedy,32,200,0.8,1.0,0.7,0.744575,0.95,0.25,1,16.0,60.0,0.0,0.6666666666666666,0.20801350808583577,0.0,0.0,0.7,0.9535532921462488,0.9535532921462488,0.0
linear_near_intrinsic_branching_mdp,pessimistic,32,200,0.8,1.0,0.7999999999999999,0.744575,0.95,0.15000000000000002,0,184.0,502.0,0.0,0.6666666666666666,-0.049222866675647424,0.12081142475713069,0.12081142475713069,0.7999999999999999,0.6630751230302776,0.48685438251612867,0.17622074051414896
linear_near_intrinsic_branching_mdp,support_masked,32,200,0.8,1.0,0.7,0.744575,0.95,0.25,1,16.0,60.0,0.0,0.6666666666666666,0.20801350808583577,0.0,0.0,0.7,0.9535532921462488,0.9535532921462488,0.0
linear_near_intrinsic_branching_mdp,greedy,33,200,0.8,1.0,0.7,0.744575,0.95,0.25,1,10.0,46.0,0.0,0.6666666666666666,0.2156769040137506,0.0,0.0,0.7,0.9614291602850666,0.9614291602850666,0.0
linear_near_intrinsic_branching_mdp,pessimistic,33,200,0.8,1.0,0.7999999999999999,0.744575,0.95,0.15000000000000002,0,190.0,515.0,0.0,0.6666666666666666,-0.13228556732675303,0.11913269082656867,0.11913269082656867,0.7999999999999999,0.5726431008939404,0.3992012687511999,0.1734418321427406
linear_near_intrinsic_branching_mdp,support_masked,33,200,0.8,1.0,0.7,0.744575,0.95,0.25,1,10.0,46.0,0.0,0.6666666666666666,0.2156769040137506,0.0,0.0,0.7,0.9614291602850666,0.9614291602850666,0.0
linear_near_intrinsic_branching_mdp,greedy,34,200,0.8,1.0,0.7999999999999999,0.744575,0.95,0.15000000000000002,0,180.0,506.0,0.0,0.6666666666666666,0.003034978468910358,0.0,0.0,0.7999999999999999,0.7998595718304893,0.7998595718304893,0.0
linear_near_intrinsic_branching_mdp,pessimistic,34,200,0.8,1.0,0.7999999999999999,0.744575,0.95,0.15000000000000002,0,180.0,506.0,0.0,0.6666666666666666,-0.0789069653207642,0.12096582750756434,0.12096582750756434,0.7999999999999999,0.6153373703376855,0.43718667663133093,0.1781506937063546
linear_near_intrinsic_branching_mdp,support_masked,34,200,0.8,1.0,0.7999999999999999,0.744575,0.95,0.15000000000000002,0,180.0,506.0,0.0,0.6666666666666666,0.003034978468910358,0.0,0.0,0.7999999999999999,0.7998595718304893,0.7998595718304893,0.0
linear_near_intrinsic_branching_mdp,greedy,35,200,0.8,1.0,0.7,0.744575,0.95,0.25,1,23.0,77.0,0.0,0.6666666666666666,0.11582637190434168,0.0,0.0,0.7,0.8668038596663621,0.8668038596663621,0.0
linear_near_intrinsic_branching_mdp,pessimistic,35,200,0.8,1.0,0.7999999999999999,0.744575,0.95,0.15000000000000002,0,177.0,490.0,0.0,0.6666666666666666,-0.11106564504701116,0.12217525035646677,0.12217525035646677,0.7999999999999999,0.5841907530900121,0.40454991460966394,0.17964083848034815
linear_near_intrinsic_branching_mdp,support_masked,35,200,0.8,1.0,0.7,0.744575,0.95,0.25,1,23.0,77.0,0.0,0.6666666666666666,0.11582637190434168,0.0,0.0,0.7,0.8668038596663621,0.8668038596663621,0.0
linear_near_intrinsic_branching_mdp,greedy,36,200,0.8,1.0,0.7999999999999999,0.744575,0.95,0.15000000000000002,0,184.0,504.0,0.0,0.6666666666666666,-0.08577996497142981,0.0,0.0,0.7999999999999999,0.6921273119389691,0.6921273119389691,0.0
linear_near_intrinsic_branching_mdp,pessimistic,36,200,0.8,1.0,0.7999999999999999,0.744575,0.95,0.15000000000000002,0,184.0,504.0,0.0,0.6666666666666666,-0.16846640469769825,0.12085503306559851,0.12085503306559851,0.7999999999999999,0.5062130428480927,0.3299923023339437,0.17622074051414896
linear_near_intrinsic_branching_mdp,support_masked,36,200,0.8,1.0,0.7999999999999999,0.744575,0.95,0.15000000000000002,0,184.0,504.0,0.0,0.6666666666666666,-0.08577996497142981,0.0,0.0,0.7999999999999999,0.6921273119389691,0.6921273119389691,0.0
linear_near_intrinsic_branching_mdp,greedy,37,200,0.8,1.0,0.7999999999999999,0.744575,0.95,0.15000000000000002,0,173.0,467.0,0.0,0.6666666666666666,-0.03065112938615085,0.0,0.0,0.7999999999999999,0.7272743019454702,0.7272743019454702,0.0
linear_near_intrinsic_branching_mdp,pessimistic,37,200,0.8,1.0,0.7999999999999999,0.744575,0.95,0.15000000000000002,0,173.0,467.0,0.0,0.6666666666666666,-0.1159644986848772,0.12468697944808249,0.12468697944808249,0.7999999999999999,0.5354835222961986,0.35379611017399437,0.18168741212220416
linear_near_intrinsic_branching_mdp,support_masked,37,200,0.8,1.0,0.7999999999999999,0.744575,0.95,0.15000000000000002,0,173.0,467.0,0.0,0.6666666666666666,-0.03065112938615085,0.0,0.0,0.7999999999999999,0.7272743019454702,0.7272743019454702,0.0
linear_near_intrinsic_branching_mdp,greedy,38,200,0.8,1.0,0.7999999999999999,0.744575,0.95,0.15000000000000002,0,174.0,476.0,0.0,0.6666666666666666,-0.010103223316444069,0.0,0.0,0.7999999999999999,0.8099419881319241,0.8099419881319241,0.0
linear_near_intrinsic_branching_mdp,pessimistic,38,200,0.8,1.0,0.7999999999999999,0.744575,0.95,0.15000000000000002,0,174.0,476.0,0.0,0.6666666666666666,-0.09462869218233662,0.12387518531521018,0.12387518531521018,0.7999999999999999,0.6198933110343288,0.4387241161514862,0.18116919488284253
linear_near_intrinsic_branching_mdp,support_masked,38,200,0.8,1.0,0.7999999999999999,0.744575,0.95,0.15000000000000002,0,174.0,476.0,0.0,0.6666666666666666,-0.010103223316444069,0.0,0.0,0.7999999999999999,0.8099419881319241,0.8099419881319241,0.0
linear_near_intrinsic_branching_mdp,greedy,39,200,0.8,1.0,0.7999999999999999,0.744575,0.95,0.15000000000000002,0,184.0,509.0,0.0,0.6666666666666666,-0.03875611669330028,0.0,0.0,0.7999999999999999,0.7238804471325735,0.7238804471325735,0.0
linear_near_intrinsic_branching_mdp,pessimistic,39,200,0.8,1.0,0.7999999999999999,0.744575,0.95,0.15000000000000002,0,184.0,509.0,0.0,0.6666666666666666,-0.12062657611007271,0.12023763179934976,0.12023763179934976,0.7999999999999999,0.5397586354775945,0.3635378949634456,0.17622074051414896
linear_near_intrinsic_branching_mdp,support_masked,39,200,0.8,1.0,0.7999999999999999,0.744575,0.95,0.15000000000000002,0,184.0,509.0,0.0,0.6666666666666666,-0.03880607626315944,0.0,0.0,0.7999999999999999,0.723730568422996,0.723730568422996,0.0
